Age,Gender,Employment_Status,Sleep_Hours,Sleep_Quality,Screen_Time_Hours,Physical_Activity_Hours,Social_Interaction_Score,Diet_Quality,Caffeine_Intake_Cups,Work_Study_Hours,Academic_Work_Pressure,Financial_Stress,Family_Support_Score,Stress_Level,Mental_Health_Score
59,Male,Employed,6.3,7.1,4.1,0.1,7.1,2.3,1,6.7,8.7,3.5,3.6,7.6,45.1
21,Female,Employed,6.4,8.5,6.2,2.2,7.0,4.6,2,10.5,4.5,5.5,5.5,6.3,62.8
56,Male,Employed,5.0,5.2,7.5,0.2,7.5,10.0,6,6.7,6.8,2.0,5.2,7.4,45.3
39,Male,Employed,7.9,4.1,6.7,1.0,4.0,4.1,1,1.9,4.9,5.5,6.7,8.3,31.2
36,Other,Employed,5.7,4.2,4.8,0.6,4.6,4.0,3,10.4,3.7,7.2,8.0,4.3,40.0
25,Other,Student,8.4,5.3,7.1,1.4,10.0,8.8,0,5.7,9.1,5.5,,9.1,56.9
50,Female,Employed,4.5,5.0,7.4,1.9,5.8,7.4,2,7.2,5.3,3.1,10.0,4.1,62.5
43,Male,Employed,8.3,4.6,5.2,2.3,5.3,4.3,1,4.3,6.8,6.4,3.4,6.1,38.6
54,Other,Student,7.6,6.0,5.8,5.2,5.9,8.3,2,10.3,3.7,6.4,5.7,4.1,73.2
50,Female,Employed,8.6,7.4,7.0,0.9,5.3,4.4,1,4.5,5.7,4.8,2.7,7.4,59.0
45,Female,Student,7.7,6.3,4.8,0.4,2.8,,0,10.0,4.9,6.1,,10.0,42.0
40,Male,Student,7.7,,3.8,0.7,6.3,9.3,3,5.2,9.1,5.3,4.8,1.6,56.8
27,Female,Employed,7.2,7.8,6.2,5.5,0.0,4.9,6,6.4,4.6,8.4,7.6,4.2,56.6
42,Male,Student,5.6,6.1,7.7,0.9,6.7,4.6,1,7.9,5.6,6.8,4.3,3.9,47.4
25,Male,Student,7.9,3.8,6.9,5.1,7.0,6.0,6,8.6,7.5,2.8,,7.6,49.0
29,Female,Student,6.2,6.4,1.5,1.9,6.3,7.5,0,6.8,7.4,8.2,5.5,5.5,52.8
39,Female,Employed,7.0,9.3,7.1,0.6,3.8,8.1,1,6.8,2.5,4.6,6.3,8.9,54.3
19,Male,Student,7.4,4.1,4.5,2.1,0.4,1.7,0,10.3,4.7,8.0,10.0,3.2,52.4
52,Male,Student,2.9,9.4,5.3,0.5,1.8,5.6,1,9.5,6.5,7.9,3.5,1.7,50.1
38,Female,Unemployed,9.6,6.3,2.6,0.8,3.4,7.9,4,0.6,7.6,1.0,7.3,3.8,77.2
43,Male,Employed,6.5,6.2,6.7,0.9,5.4,8.4,1,7.7,7.8,4.2,9.3,2.3,57.2
58,Female,Student,8.8,,5.5,0.7,7.1,4.8,2,7.6,7.0,5.4,5.9,7.0,42.5
45,Female,Employed,4.0,7.4,4.3,2.8,4.0,3.3,1,3.5,6.2,4.7,9.4,9.7,34.0
43,Female,Student,5.2,6.0,8.0,0.6,2.8,4.4,2,4.2,8.9,6.5,4.9,4.9,26.7
46,Female,Employed,4.4,5.5,7.8,1.7,4.4,3.0,5,10.0,2.2,4.4,2.0,4.1,37.6
41,Female,Student,6.7,7.3,7.2,7.1,6.3,2.9,2,9.8,5.0,7.4,8.2,10.0,52.1
57,Male,Employed,7.2,6.6,8.6,1.2,3.0,5.1,2,8.8,6.0,6.9,4.3,5.9,35.4
39,Male,Employed,7.2,6.2,7.2,6.2,8.3,3.9,3,6.3,8.2,5.3,5.8,4.5,54.7
27,Male,Employed,7.2,6.9,3.5,5.2,3.9,4.0,1,4.6,9.0,8.3,6.9,5.9,48.7
58,Other,Employed,6.5,9.4,4.6,0.1,7.8,7.4,2,10.9,7.2,6.0,,3.6,73.7
46,Female,Employed,9.3,6.4,3.9,3.0,6.1,4.9,4,7.7,6.2,2.6,6.6,3.5,69.1
51,Male,Student,7.7,5.4,5.1,1.8,6.3,6.0,1,8.1,4.8,5.2,7.2,3.9,58.9
31,Male,Student,8.6,9.4,2.3,1.1,2.7,6.0,2,5.8,8.6,3.4,5.3,5.7,65.2
43,Male,Student,5.7,6.1,4.1,0.6,7.1,8.3,2,9.2,5.5,8.6,8.6,7.4,47.2
54,Female,Student,4.6,10.0,2.9,0.2,6.6,6.6,0,11.4,5.3,4.7,8.1,5.5,83.7
22,Female,Employed,2.8,7.2,3.2,2.2,7.3,1.5,1,7.3,6.5,7.5,4.8,5.6,53.9
51,Male,Student,7.4,7.2,2.7,5.5,5.6,3.9,2,13.3,6.3,5.6,4.3,5.1,71.2
18,Female,Employed,4.3,5.6,5.2,1.5,6.6,4.5,3,8.6,10.0,1.0,9.8,4.1,70.1
39,Male,Employed,7.9,6.1,3.2,3.1,4.4,8.4,2,8.6,1.0,4.2,6.3,8.9,63.2
52,Female,Student,7.3,5.4,3.9,7.9,3.9,4.2,2,8.5,7.1,7.2,6.9,5.4,46.7
55,Male,Employed,4.0,8.8,7.0,10.5,7.3,5.7,2,12.7,7.1,2.4,,5.9,68.3
39,Other,Student,8.2,5.7,5.9,1.6,6.9,3.4,1,9.1,8.3,4.6,4.1,3.5,45.9
46,Female,Student,4.9,6.7,5.5,0.3,8.0,4.1,3,8.1,2.2,6.7,4.1,8.8,45.6
44,Female,Employed,5.5,7.5,8.6,0.9,7.0,6.2,3,2.8,6.6,6.0,7.2,7.0,54.9
34,Male,Student,6.8,7.1,4.0,1.9,6.0,5.6,3,10.9,10.0,6.3,8.5,10.0,44.3
25,Male,Employed,7.5,6.1,6.7,8.0,6.2,5.8,0,10.1,6.6,5.5,7.0,5.7,57.0
33,Female,Student,7.3,7.8,6.9,4.4,6.2,4.5,0,10.4,8.0,5.5,4.0,5.3,62.9
25,Female,Employed,5.3,8.5,7.3,1.9,6.4,1.9,3,11.6,9.1,3.0,3.6,5.7,56.5
21,Male,Employed,6.9,2.0,4.0,0.6,4.4,6.6,4,6.5,4.2,8.4,8.7,4.7,49.3
23,Female,Employed,5.9,5.6,3.3,0.5,5.4,7.1,1,11.7,4.6,1.0,8.2,6.7,59.0
46,Male,Employed,4.3,6.3,7.3,2.0,1.6,8.5,1,9.3,9.6,5.0,9.8,5.8,49.3
27,Male,Student,7.4,6.8,7.4,6.6,8.8,5.1,2,11.5,6.9,6.0,10.0,4.7,76.6
54,Male,Student,8.0,6.1,7.5,10.4,6.7,9.8,2,8.4,4.2,3.0,10.0,10.0,67.9
19,Male,Student,4.3,4.6,3.0,2.1,6.6,8.1,2,3.1,3.9,2.7,7.1,7.9,59.8
34,Male,Employed,7.4,6.4,7.2,3.7,7.3,1.2,2,5.4,5.4,5.9,8.5,7.1,50.8
58,Female,Student,6.9,4.7,6.6,6.1,4.4,4.6,2,8.1,7.0,5.1,10.0,8.3,47.9
33,Female,Student,6.4,6.5,5.6,1.2,5.9,4.5,3,8.1,4.7,4.7,2.1,7.4,38.7
32,Female,Employed,3.9,6.0,7.1,8.0,6.2,3.7,7,6.7,7.7,6.5,4.6,5.3,51.3
42,Female,Student,5.2,9.3,3.3,3.4,6.3,4.6,4,4.6,7.5,1.2,6.8,7.9,52.3
48,Female,Student,5.8,8.4,1.6,3.7,5.7,3.1,5,3.1,3.4,8.9,,3.1,72.3
25,Female,Student,7.1,7.2,0.4,3.4,6.0,6.0,0,5.4,4.6,2.1,3.4,5.2,75.6
26,Male,Unemployed,6.8,4.3,7.3,5.5,4.5,10.0,0,0.4,3.7,3.6,5.6,2.9,59.1
27,Male,Student,4.2,6.6,5.7,2.5,7.6,6.7,3,4.7,6.8,6.7,10.0,7.2,56.6
54,Male,Employed,7.9,4.7,1.8,8.9,4.3,5.4,1,5.8,8.2,3.8,10.0,4.0,71.4
56,Female,Student,3.9,5.8,2.6,1.1,6.5,8.1,3,5.2,8.7,7.6,7.4,5.6,53.7
25,Female,Employed,8.6,8.7,1.4,0.5,5.0,4.2,4,7.9,4.5,6.8,5.3,5.5,52.6
29,Male,Unemployed,7.8,5.2,3.9,0.1,2.9,7.2,3,1.9,7.4,6.3,4.2,3.8,42.0
55,Male,Employed,7.2,5.7,3.7,6.3,6.2,3.1,5,6.7,4.4,5.8,7.6,4.7,66.9
32,Female,Student,8.6,4.8,8.0,2.1,6.8,5.6,1,7.1,6.5,7.2,10.0,2.8,60.8
54,Female,Employed,6.3,7.3,2.9,,2.9,4.4,0,8.1,10.0,7.7,5.1,6.0,38.8
59,Female,Employed,6.6,9.2,5.9,6.4,0.1,7.5,0,6.4,5.9,6.4,4.8,7.2,54.6
49,Male,Student,5.6,7.0,7.4,2.2,10.0,3.3,2,6.6,9.7,8.5,6.4,5.0,46.9
28,Other,Unemployed,5.3,3.4,4.3,0.3,3.9,8.1,1,2.0,7.1,4.8,6.6,6.6,33.4
49,Male,Employed,6.7,1.0,11.3,0.7,3.3,5.3,2,6.6,7.7,5.1,8.9,9.6,18.4
40,Other,Employed,7.1,9.1,4.9,0.9,5.6,7.0,0,8.8,8.5,8.5,6.5,6.1,48.6
29,Male,Student,5.7,9.5,4.8,3.7,4.6,,2,3.8,5.4,4.0,8.5,6.1,69.4
41,Male,Student,7.3,3.6,3.0,2.2,8.3,3.8,1,6.1,7.9,6.4,7.3,4.5,46.1
41,Male,Student,8.9,8.0,4.9,4.6,3.0,5.7,2,7.6,5.7,7.3,4.5,5.8,67.4
24,Male,Employed,4.3,1.6,6.1,1.6,1.2,8.5,3,3.1,9.5,9.8,5.4,7.2,6.9
23,Male,Student,5.2,7.8,3.4,1.3,4.4,4.1,4,8.9,6.3,7.0,6.7,5.4,58.4
29,Female,Employed,5.0,3.9,8.0,1.6,4.3,3.6,1,5.4,1.0,7.4,7.0,3.0,37.9
21,Male,Employed,2.6,2.8,3.3,3.0,10.0,3.3,2,7.0,6.3,4.6,5.7,9.0,35.7
50,Female,Employed,6.6,4.6,6.8,2.6,6.6,4.8,2,6.1,6.0,7.9,6.8,10.0,47.1
39,Female,Student,4.9,6.3,1.0,2.4,6.4,5.7,1,9.8,4.6,6.6,9.4,5.6,54.4
21,Female,Student,6.4,2.8,5.3,0.1,7.3,8.1,3,12.1,6.3,3.0,5.7,2.3,52.4
58,Male,Student,7.3,9.1,1.4,11.1,2.7,4.4,2,4.0,5.2,4.5,4.5,5.6,65.8
38,Male,Employed,6.5,8.2,4.9,0.2,5.8,6.2,3,3.5,4.5,6.9,8.2,3.5,61.0
22,Female,Student,6.6,8.1,4.3,3.6,5.0,4.1,0,7.2,3.4,6.6,5.2,6.3,64.6
38,Female,Employed,5.9,5.8,6.8,2.2,2.7,6.6,2,7.7,6.0,5.0,5.5,8.1,50.1
43,Male,Student,5.2,,7.5,0.6,5.8,5.5,1,9.2,7.3,8.5,4.9,7.2,44.3
52,Female,Student,8.2,2.6,7.4,0.5,10.0,6.1,1,7.2,4.1,2.5,5.8,6.2,61.0
39,Male,Employed,6.5,8.8,5.3,2.8,7.3,6.6,2,8.1,1.0,4.7,6.3,7.9,60.6
50,Female,Employed,6.4,7.5,8.1,0.4,3.7,5.9,1,10.2,2.1,4.9,8.5,7.0,53.5
18,Male,Student,7.1,5.5,6.2,7.5,5.3,7.2,4,10.4,4.9,9.1,5.6,4.3,59.5
54,Female,Student,7.4,,2.9,2.0,7.7,,3,6.6,5.9,8.0,7.0,6.1,54.7
56,Male,Employed,3.6,7.7,5.9,0.3,4.7,5.7,2,12.1,5.0,8.0,9.0,4.0,49.8
28,Male,Student,5.8,7.1,4.0,3.6,7.7,3.5,4,8.4,2.8,7.0,7.3,6.2,53.7
50,Female,Employed,7.5,4.1,7.5,2.0,6.9,8.1,1,12.9,5.7,5.0,7.2,6.0,58.7
34,Female,Student,9.1,2.9,7.3,0.1,7.8,7.0,1,4.0,4.1,3.5,4.1,4.5,61.6
26,Male,Employed,4.1,5.9,5.8,2.1,1.9,3.5,4,8.2,4.3,9.4,2.2,6.2,35.8
43,Male,Employed,7.2,9.6,3.4,3.2,4.7,6.3,1,9.7,5.6,2.7,7.8,5.6,77.1
19,Male,Employed,5.5,6.0,1.2,5.3,8.8,3.5,3,8.5,5.4,7.2,7.6,5.9,53.6
59,Male,Student,6.9,3.8,0.6,0.4,3.0,6.8,0,7.4,7.0,8.0,3.9,4.4,36.4
21,Male,Employed,7.0,5.2,9.7,0.2,4.0,5.2,4,6.4,4.8,2.4,3.3,4.7,43.5
57,Female,Employed,4.0,6.1,5.4,0.6,6.8,6.5,2,3.1,2.3,3.1,7.5,3.6,67.1
43,Female,Unemployed,5.1,4.4,3.8,0.4,7.3,8.3,5,2.7,5.6,4.3,5.9,7.3,56.2
24,Female,Student,8.4,7.1,5.6,1.2,5.7,6.1,4,8.4,6.0,4.9,4.4,5.4,53.3
47,Female,Employed,6.2,3.7,4.0,0.2,8.6,6.2,1,9.8,6.5,7.3,3.4,4.8,42.1
53,Male,Student,6.3,6.8,1.0,0.0,4.1,7.4,1,3.7,9.2,5.8,4.8,6.5,59.0
29,Female,Student,7.8,10.0,6.9,4.8,8.7,5.6,4,5.6,8.1,7.2,2.4,5.6,81.4
22,Male,Employed,6.1,3.4,6.2,8.7,0.5,5.6,2,7.5,7.6,3.7,5.6,8.0,46.5
43,Male,Employed,5.6,5.2,2.9,3.5,3.5,4.2,3,7.1,7.5,9.5,5.8,5.3,30.0
32,Female,Employed,4.1,7.1,6.3,0.3,7.9,5.2,2,7.6,3.8,6.7,5.0,8.6,47.7
42,Female,Unemployed,8.7,9.9,27.92881993536481,1.9,8.8,6.1,3,2.9,4.0,2.1,8.8,6.5,89.5
54,Female,Student,6.0,6.6,0.0,5.3,3.9,7.6,1,11.3,7.1,5.3,10.0,7.1,58.2
43,Female,Employed,6.9,2.2,3.6,6.8,8.2,5.3,2,10.5,4.2,5.0,8.5,4.9,65.0
18,Female,Employed,4.7,5.9,3.8,0.6,3.6,3.9,1,5.9,10.0,2.6,6.3,5.5,39.3
43,Male,Employed,6.5,6.2,6.7,0.9,5.4,8.4,1,7.7,7.8,4.2,9.3,2.3,57.2
31,Female,Employed,5.4,9.0,6.5,2.7,7.2,6.9,3,4.4,4.3,4.9,8.2,6.9,70.2
59,Male,Employed,7.3,8.8,7.2,0.3,6.4,7.3,2,7.4,6.2,7.1,7.4,8.1,62.2
19,Male,Employed,5.3,6.1,6.8,0.4,6.0,3.7,4,4.6,6.9,6.9,6.3,3.4,69.9
47,Female,Employed,7.5,5.8,9.2,1.6,5.2,8.4,1,5.0,7.9,2.3,5.1,7.5,47.2
30,Male,Employed,5.7,3.8,5.3,2.3,7.8,2.8,3,7.9,5.5,2.5,8.3,6.8,50.0
49,Female,Student,5.9,5.8,9.6,1.6,8.2,4.6,1,9.4,5.9,2.7,6.8,10.0,51.5
55,Female,Employed,4.6,2.1,4.6,0.3,6.2,9.3,1,6.0,6.5,5.7,8.0,6.3,36.8
59,Male,Employed,5.5,7.7,1.2,3.8,2.8,6.3,4,4.1,9.0,8.1,9.0,8.5,45.2
22,Male,Student,4.7,5.0,7.8,0.8,3.3,9.6,6,3.6,4.3,2.8,10.0,7.0,51.2
56,Female,Student,5.7,5.0,8.7,1.3,3.6,3.7,1,9.0,8.7,5.6,8.5,7.2,50.6
56,Female,Student,5.4,6.1,5.6,6.5,2.1,5.3,2,8.2,5.8,4.0,10.0,5.8,61.6
45,Male,Student,6.3,5.2,11.0,0.5,4.1,7.3,3,8.1,5.3,7.7,3.9,3.4,53.2
28,Female,Student,5.9,6.8,6.3,4.7,2.1,4.1,2,7.5,6.5,2.1,3.8,7.2,57.0
25,Male,Student,5.3,7.3,8.1,1.5,5.7,6.7,2,7.8,6.3,4.3,6.5,4.9,55.2
52,Male,Student,5.0,7.9,0.4,0.7,1.9,7.2,4,2.9,6.1,5.6,5.8,6.9,53.2
37,Male,Unemployed,7.4,6.3,1.9,4.3,4.0,6.4,2,0.5,10.0,2.6,8.6,6.4,69.8
24,Female,Employed,6.1,4.5,10.8,4.1,5.8,,4,9.1,5.5,7.4,5.6,5.3,27.4
58,Male,Student,6.9,4.7,5.6,1.2,6.8,3.4,5,6.3,9.5,4.6,10.0,7.6,51.1
38,Male,Employed,4.3,6.9,4.1,14.0,7.1,5.4,1,8.7,6.9,6.1,6.9,6.5,58.3
31,Male,Employed,8.0,,2.8,2.3,6.5,8.2,2,7.5,5.2,4.3,9.1,1.5,77.5
23,Male,Unemployed,6.3,,3.5,1.0,4.5,4.8,1,0.5,6.7,7.7,8.9,3.3,60.0
18,Other,Employed,5.6,5.5,4.0,3.9,1.9,4.7,2,7.6,4.3,4.3,6.6,5.2,45.8
32,Female,Student,6.8,2.5,5.3,4.5,5.0,3.0,4,7.1,5.1,7.9,9.5,6.2,31.7
55,Male,Employed,5.7,7.5,8.1,2.2,6.5,6.1,2,5.4,3.9,6.3,10.0,5.2,63.9
28,Other,Employed,9.5,5.0,7.2,0.2,1.3,,2,11.3,6.2,5.4,9.3,6.5,49.5
22,Female,Student,7.5,6.4,10.1,8.9,3.9,5.1,2,8.0,5.3,2.1,9.0,6.6,60.4
51,Female,Employed,7.0,6.7,6.5,3.0,4.7,8.1,1,7.1,6.5,6.2,7.0,9.3,46.8
33,Female,Employed,7.2,7.4,4.5,3.4,4.4,4.6,0,6.6,5.0,1.9,8.7,7.4,56.7
26,Female,Employed,5.1,3.6,6.0,0.6,5.9,8.1,1,4.8,7.0,10.0,6.0,3.2,34.2
18,Male,Employed,6.5,6.6,5.9,0.4,8.9,7.4,1,4.8,4.9,3.5,6.7,7.2,64.2
37,Male,Student,7.5,9.3,2.7,4.3,0.0,5.4,0,8.6,8.3,6.8,5.8,5.4,47.6
33,Male,Employed,7.0,2.3,6.8,0.1,10.0,5.9,1,5.9,5.5,2.1,5.9,3.8,55.3
27,Male,Student,5.0,3.9,7.9,0.2,7.4,5.5,3,6.1,5.3,9.1,5.1,1.4,31.0
53,Male,Employed,6.7,2.7,9.3,2.9,3.6,4.2,0,11.7,5.7,9.0,6.8,3.9,42.7
36,Female,Student,4.9,5.9,3.1,0.3,3.3,4.0,2,8.1,8.3,3.4,5.5,3.0,53.7
54,Female,Student,5.1,5.9,3.6,0.9,5.8,9.1,2,7.8,3.9,7.7,8.4,5.9,49.8
28,Male,Student,4.7,9.0,5.9,0.7,6.7,7.7,3,8.0,5.7,3.2,7.0,2.9,73.1
30,Male,Student,7.4,7.7,4.9,4.0,4.5,6.9,1,5.6,3.2,1.0,10.0,1.0,78.7
37,Female,Student,4.7,5.1,7.0,1.5,5.4,4.0,4,6.0,8.1,4.4,4.6,3.9,39.8
43,Male,Employed,4.5,3.2,7.2,7.5,3.1,5.2,4,8.3,6.5,5.7,7.5,4.2,43.8
28,Other,Employed,5.6,5.5,7.7,2.8,7.4,2.9,4,8.2,4.4,7.1,8.7,4.5,66.3
56,Male,Student,7.6,6.3,7.0,2.0,4.2,4.6,1,2.9,5.3,5.3,8.3,1.0,76.3
59,Male,Employed,4.7,10.0,6.3,1.7,4.5,8.4,3,7.8,6.2,1.6,5.0,3.9,69.9
46,Female,Employed,8.0,7.8,5.8,2.3,4.3,6.4,3,6.3,8.4,6.3,10.0,4.0,66.7
28,Male,Employed,10.8,6.2,4.2,0.6,4.5,5.5,2,3.5,2.9,8.3,4.4,4.3,61.0
22,Female,Student,5.1,8.4,5.6,0.0,7.6,5.7,7,10.3,6.6,7.1,,5.9,48.9
41,Female,Student,8.3,5.1,7.5,0.2,7.6,7.4,4,8.3,2.5,3.7,6.1,3.1,75.2
52,Male,Student,9.6,3.4,5.3,3.1,7.2,3.8,3,10.4,5.9,9.2,10.0,2.5,49.0
40,Male,Student,6.9,5.7,5.7,1.2,5.6,8.8,3,10.6,5.4,5.1,4.6,4.4,66.7
19,Other,Employed,7.1,4.1,5.3,0.2,7.8,4.0,0,8.0,5.5,6.9,6.6,5.4,39.4
54,Female,Employed,5.2,4.9,7.0,0.0,2.9,7.5,1,9.2,4.2,6.9,3.9,3.7,43.3
58,Female,Employed,5.5,5.8,4.7,4.4,10.0,4.2,4,7.1,8.1,8.7,5.4,9.9,35.8
22,Female,Unemployed,6.9,4.6,6.0,0.8,5.3,7.1,1,1.5,5.9,7.0,7.9,5.8,51.7
18,Female,Employed,3.5,8.4,8.5,4.0,5.6,4.9,1,4.3,4.9,4.5,10.0,5.8,52.5
45,Male,Employed,10.7,6.1,5.7,0.1,3.4,6.4,3,4.4,4.7,9.1,6.3,2.3,62.8
42,Female,Employed,6.0,4.5,6.7,10.3,5.1,6.1,1,10.9,3.4,7.4,4.2,5.4,48.9
29,Female,Student,7.1,,7.8,2.9,4.1,5.0,4,7.3,8.6,7.5,3.4,5.4,40.7
47,Female,Employed,6.8,6.4,2.2,1.3,7.2,6.5,3,2.0,5.5,8.6,8.9,5.2,54.6
45,Male,Student,7.1,8.2,6.9,2.0,6.7,7.7,3,8.6,3.3,8.1,6.9,7.9,62.6
51,Female,Student,6.7,7.2,6.2,5.2,5.0,5.0,0,8.9,6.4,2.4,9.6,5.9,79.1
45,Other,Student,5.9,8.3,4.9,0.6,7.4,3.5,5,9.0,4.9,4.5,,2.3,71.8
22,Female,Unemployed,7.1,7.0,6.0,1.4,4.5,,0,2.5,6.1,8.1,10.0,9.0,46.7
49,Female,Unemployed,5.5,7.4,4.0,0.7,4.5,7.8,4,1.4,9.5,4.8,4.4,1.0,59.7
31,Male,Unemployed,6.9,5.3,5.8,2.5,4.9,6.7,3,1.2,7.9,5.5,7.1,1.0,58.9
32,Female,Unemployed,6.7,,4.8,6.3,5.5,4.7,1,2.0,6.3,3.8,7.0,4.3,60.8
23,Male,Unemployed,7.6,5.8,5.4,1.9,5.8,6.1,2,0.7,5.5,7.5,8.8,4.7,53.7
43,Male,Student,5.0,4.8,4.5,3.5,8.3,7.8,7,11.0,4.2,4.8,6.2,4.8,59.4
40,Female,Employed,7.8,5.2,3.3,0.7,3.8,6.7,3,7.4,6.4,5.5,6.1,7.2,44.5
25,Male,Employed,2.3,4.8,5.2,8.4,6.4,5.8,2,6.2,7.0,6.6,,1.3,56.4
45,Male,Employed,3.1,7.2,11.4,8.4,3.6,4.4,3,10.5,5.9,4.4,6.6,5.5,56.2
42,Male,Student,6.5,7.6,6.3,1.7,2.7,8.0,1,7.2,4.7,3.5,8.5,1.0,76.1
53,Female,Student,5.9,4.4,8.4,0.0,3.8,2.6,1,3.6,5.3,6.4,5.8,8.0,28.0
59,Male,Student,7.3,6.0,4.1,2.7,6.8,5.5,0,6.5,8.2,5.8,8.6,2.5,75.4
23,Male,Student,5.2,3.0,3.9,3.9,5.6,7.0,2,8.0,7.2,4.0,7.8,9.4,29.3
45,Female,Employed,5.1,4.8,6.3,5.6,10.0,10.0,0,3.9,9.2,6.8,2.2,7.1,55.8
28,Male,Unemployed,4.8,6.9,2.5,3.0,6.4,3.6,3,0.2,4.3,9.3,2.4,5.6,35.6
37,Female,Employed,8.5,8.6,2.9,3.7,3.4,10.0,1,8.0,6.6,3.2,7.7,10.0,59.3
53,Female,Employed,6.1,8.1,6.0,2.0,3.3,4.4,4,10.7,4.0,9.1,4.6,5.4,42.5
56,Female,Employed,5.4,,10.9,1.7,4.6,6.7,4,8.8,6.9,6.7,8.1,5.8,45.0
45,Male,Unemployed,6.1,4.3,4.3,5.4,3.4,7.3,1,0.0,7.7,7.5,5.8,5.0,50.9
58,Other,Unemployed,8.3,8.2,4.4,1.2,5.0,5.7,4,1.8,4.5,1.1,3.9,4.5,68.0
49,Female,Employed,8.4,5.9,0.0,2.9,7.5,3.0,0,8.5,10.0,10.0,5.0,4.7,51.7
26,Other,Unemployed,6.5,5.6,5.1,1.0,10.0,5.2,1,1.9,6.2,4.8,8.6,2.1,75.3
39,Male,Student,7.5,5.9,6.5,6.2,4.5,3.9,1,4.3,4.5,5.8,1.9,1.2,67.4
50,Male,Student,6.1,8.2,4.7,1.3,5.7,5.1,1,9.1,7.2,3.9,8.1,3.5,52.0
27,Female,Student,6.1,1.7,8.1,0.6,5.6,3.5,4,7.0,9.8,5.9,4.1,7.3,22.2
47,Male,Student,6.1,4.0,6.4,3.7,5.2,3.1,1,6.1,4.4,5.2,10.0,8.5,51.6
53,Female,Unemployed,7.4,6.3,4.1,1.5,7.1,6.1,1,1.2,7.6,5.5,10.0,2.7,77.2
54,Female,Employed,5.1,8.1,6.8,0.5,9.5,6.3,2,6.1,4.2,3.8,3.1,6.3,57.8
48,Male,Student,6.1,9.2,3.7,0.5,4.5,9.6,2,5.6,6.7,7.9,6.4,5.8,66.9
19,Female,Employed,6.1,8.8,7.9,1.6,3.2,2.5,2,8.4,8.7,5.3,8.2,4.1,55.0
47,Male,Student,6.9,7.6,8.0,2.0,4.2,3.8,1,6.8,7.3,5.4,7.4,7.3,54.0
23,Male,Student,6.8,3.2,0.2,2.0,4.1,3.3,1,11.7,8.7,2.8,4.7,2.0,48.0
54,Other,Student,4.6,,8.1,5.5,7.3,4.0,3,9.9,7.0,7.0,8.3,6.7,54.0
50,Male,Student,4.6,5.7,7.3,0.5,5.3,6.9,0,10.3,7.2,2.1,7.6,2.5,58.2
30,Female,Employed,8.4,6.0,9.0,0.2,4.0,10.0,2,6.3,7.3,8.8,10.0,3.1,64.2
41,Female,Student,7.5,10.0,3.4,3.9,5.7,3.4,1,7.7,8.3,7.7,10.0,4.3,70.8
48,Female,Employed,7.1,4.2,6.4,0.5,4.4,3.7,3,8.1,5.7,3.2,8.2,2.9,45.1
38,Female,Student,5.0,7.2,3.4,0.4,1.2,6.8,5,6.1,5.4,3.7,6.9,5.7,52.1
50,Female,Employed,6.2,5.4,4.8,1.1,4.3,2.8,4,7.3,6.2,5.3,5.3,4.3,43.9
36,Female,Employed,5.6,7.8,7.2,0.6,5.9,3.0,1,7.8,7.4,4.5,10.0,7.6,60.7
44,Female,Student,5.4,3.5,8.0,0.0,2.0,5.7,0,5.6,3.6,5.9,4.3,6.8,20.6
36,Female,Employed,6.9,7.4,3.8,2.9,6.0,,5,10.5,7.1,9.5,6.9,7.0,49.3
50,Female,Student,6.9,10.0,0.0,0.6,10.0,4.6,2,6.2,4.7,8.0,5.3,7.2,68.9
34,Female,Unemployed,6.4,8.9,2.6,1.4,2.3,6.4,2,0.0,4.9,4.8,9.0,7.8,47.0
39,Female,Student,7.4,5.4,1.9,0.9,4.4,5.4,4,8.7,4.8,9.8,6.6,4.0,51.7
37,Male,Unemployed,5.1,4.0,6.3,3.3,6.7,6.5,2,0.3,8.6,9.9,8.2,6.3,36.5
30,Female,Employed,5.6,9.2,6.7,1.1,8.7,3.6,2,7.4,3.3,7.4,7.6,3.1,71.5
23,Male,Employed,7.0,9.9,5.9,0.7,6.2,5.1,2,8.1,7.7,5.4,8.5,6.7,66.1
59,Female,Employed,9.1,7.0,8.3,0.4,1.6,4.6,1,4.7,5.9,5.3,3.3,10.0,31.6
56,Female,Employed,6.5,4.3,3.9,0.4,2.5,5.0,3,3.9,4.2,8.3,5.3,2.3,50.0
41,Female,Employed,3.4,6.2,2.7,4.1,6.4,6.5,2,7.6,4.0,7.4,4.6,2.9,64.7
58,Male,Employed,6.0,9.6,5.3,0.2,7.7,6.3,2,9.1,1.7,6.4,7.0,2.6,80.8
39,Female,Student,6.6,3.9,4.9,4.5,9.0,5.4,7,7.2,2.8,8.1,8.2,4.9,53.2
49,Male,Student,6.6,1.4,8.7,0.4,4.6,7.7,1,5.5,8.7,6.2,7.3,1.0,49.4
43,Female,Student,5.8,4.4,4.5,1.0,4.6,8.0,3,8.0,6.0,5.7,7.1,6.5,46.5
18,Other,Student,8.9,8.4,8.1,4.7,5.6,4.4,0,5.3,9.4,5.1,5.3,5.5,65.7
37,Male,Employed,6.0,4.4,6.3,0.9,7.2,3.8,5,6.9,7.1,2.7,6.3,6.4,51.1
41,Male,Student,2.0,2.9,3.4,2.8,6.3,1.0,4,10.2,7.8,4.5,7.3,7.6,38.9
42,Male,Student,5.6,8.7,6.6,2.3,1.8,7.2,0,8.7,6.5,9.2,7.2,5.2,60.6
57,Female,Student,8.9,6.7,1.5,1.9,5.1,3.8,2,4.5,3.7,6.3,,7.3,42.2
51,Female,Employed,5.1,4.7,5.7,1.5,5.7,8.1,0,7.5,4.9,8.9,7.2,3.9,46.4
48,Male,Employed,5.9,8.4,6.5,5.2,10.0,3.9,1,12.0,4.3,10.0,7.0,4.2,67.1
53,Female,Student,7.4,6.1,9.1,0.1,4.7,6.6,3,5.1,9.4,6.8,,8.9,27.6
55,Female,Student,6.3,2.8,3.2,1.7,6.2,6.4,3,6.8,7.5,6.1,6.6,4.4,49.0
38,Female,Employed,7.2,5.5,2.1,4.1,3.5,6.6,2,9.2,3.2,8.8,9.0,6.0,52.6
19,Female,Unemployed,5.9,5.2,5.8,3.9,3.7,5.8,4,3.0,3.4,1.0,2.7,5.3,64.0
29,Male,Employed,3.6,6.5,4.0,2.8,7.5,7.3,3,7.8,4.3,3.1,2.7,8.4,45.5
32,Female,Student,3.7,4.4,8.2,1.9,5.1,4.2,2,7.3,1.4,7.0,5.7,8.0,38.0
36,Male,Employed,7.4,2.9,4.4,3.4,3.1,8.6,2,4.7,6.4,4.1,6.6,6.2,49.1
19,Male,Student,5.9,7.2,3.3,0.2,10.0,5.0,1,8.9,7.2,6.8,6.9,6.5,51.8
41,Male,Unemployed,9.3,5.9,6.4,4.9,7.8,5.4,1,0.0,4.2,1.0,9.9,5.8,82.8
55,Male,Student,6.6,5.5,5.0,0.7,3.1,4.0,6,10.7,4.2,5.9,2.9,8.4,20.2
46,Female,Unemployed,8.3,5.9,5.7,0.4,1.8,5.6,3,0.2,7.5,7.0,7.0,4.8,42.3
47,Female,Employed,7.3,5.9,4.5,1.5,4.1,5.6,4,4.7,2.7,3.4,5.1,5.3,58.9
33,Male,Employed,7.7,5.6,4.1,0.9,5.1,6.4,5,8.3,3.6,10.0,4.3,3.6,45.2
39,Male,Employed,6.0,6.5,3.3,1.4,3.9,7.4,2,11.0,6.2,5.5,5.0,2.4,57.6
50,Female,Student,4.1,6.2,6.5,1.2,4.6,6.3,2,6.0,2.5,10.0,7.8,5.5,51.9
26,Female,Employed,6.6,6.2,9.6,0.5,5.2,7.9,1,8.1,5.7,7.2,3.6,4.8,45.6
24,Female,Student,7.2,5.3,5.0,2.9,6.4,7.8,0,3.0,8.1,2.3,6.3,3.5,61.1
55,Female,Unemployed,6.7,6.6,5.4,2.0,5.6,6.8,2,0.9,5.1,5.6,3.7,7.1,44.1
31,Female,Unemployed,6.6,,7.5,3.8,5.1,5.8,5,1.2,4.4,4.4,8.7,4.5,60.2
51,Female,Employed,7.9,9.3,5.4,3.8,3.7,8.2,2,9.5,8.3,4.4,8.0,5.5,64.1
35,Male,Employed,6.4,4.6,1.9,0.1,4.9,4.2,2,11.8,6.0,1.0,5.3,5.7,49.1
39,Female,Employed,7.0,3.3,2.0,0.2,3.6,10.0,3,12.0,7.9,4.9,2.6,6.7,40.1
42,Female,Student,6.7,5.1,8.7,1.2,2.3,8.6,0,5.5,7.8,9.4,4.9,5.3,41.5
50,Male,Student,6.8,6.3,7.1,5.6,5.3,8.0,3,6.8,5.2,3.8,,5.8,63.4
35,Female,Student,7.8,3.0,4.6,0.4,6.7,6.3,3,3.4,5.7,7.5,5.0,7.2,34.1
24,Male,Employed,6.3,7.2,1.6,0.8,4.1,7.5,1,1.4,4.6,5.4,4.0,2.1,65.8
48,Male,Student,7.7,9.3,5.5,0.9,4.3,6.6,0,10.3,6.9,1.0,7.4,5.7,70.8
49,Male,Student,6.0,4.4,2.3,5.1,3.8,2.0,3,8.3,6.2,4.0,9.4,4.2,66.1
54,Female,Employed,7.5,7.3,8.4,0.5,10.0,7.6,2,11.0,6.3,2.1,8.7,3.6,75.9
50,Male,Student,7.2,7.2,3.5,4.2,4.7,6.8,1,7.1,3.2,8.1,6.4,5.4,51.7
23,Male,Student,7.0,10.0,6.5,0.1,0.9,5.2,2,0.0,7.2,1.0,4.5,10.0,34.4
21,Male,Employed,5.7,,4.0,2.0,6.9,6.1,2,7.1,6.0,2.6,6.2,8.6,47.8
28,Male,Student,4.7,3.1,6.1,2.9,2.5,7.3,1,6.7,5.0,3.3,5.0,5.4,30.9
44,Female,Employed,6.0,9.3,7.2,0.9,1.6,5.7,1,8.9,8.3,8.0,7.6,6.8,43.0
55,Male,Student,8.7,5.8,3.3,3.5,5.9,7.7,4,6.9,7.5,7.6,6.6,3.6,51.3
57,Male,Student,9.0,8.8,5.3,3.1,1.2,6.4,2,9.0,9.8,6.2,5.6,5.9,54.5
21,Male,Unemployed,5.9,7.2,6.1,0.8,7.0,6.9,1,2.6,8.2,5.7,8.2,7.0,58.3
49,Male,Student,8.3,4.0,7.6,2.4,5.3,6.0,1,8.8,7.0,2.4,8.8,5.1,65.2
22,Male,Employed,5.7,7.0,4.0,3.6,8.1,5.9,0,11.5,7.1,2.9,3.5,3.5,58.3
30,Female,Student,9.5,10.0,1.8,1.4,6.8,4.2,1,7.5,10.0,6.0,6.1,10.0,60.0
45,Male,Employed,6.3,8.8,7.8,1.9,6.7,4.6,1,8.6,6.3,6.6,9.2,2.8,73.9
43,Male,Employed,8.0,5.6,2.9,3.0,8.7,3.4,1,8.8,3.8,10.0,10.0,8.7,52.7
55,Male,Employed,5.5,6.6,5.1,5.3,7.9,6.0,4,7.8,6.4,5.9,8.4,6.9,61.9
44,Female,Employed,6.1,4.0,6.1,0.5,3.5,7.2,1,4.2,8.9,6.5,10.0,4.6,47.3
28,Male,Student,6.8,9.2,3.0,0.7,9.9,3.3,3,8.8,6.1,4.5,4.8,4.1,74.2
52,Male,Student,4.6,2.3,8.0,0.0,8.1,3.9,2,7.6,6.5,10.0,4.7,6.7,22.9
20,Other,Student,6.0,9.2,5.6,4.8,5.3,3.4,4,9.1,6.3,10.0,5.7,5.4,54.5
53,Female,Student,5.6,5.2,0.0,1.1,8.2,9.0,1,3.5,5.6,4.7,9.5,2.9,64.4
54,Male,Student,7.7,6.5,4.1,0.3,2.1,8.1,3,10.2,4.9,4.7,10.0,7.0,53.8
46,Female,Unemployed,8.3,6.8,2.9,6.3,8.5,7.3,1,0.0,4.4,8.0,4.6,2.2,76.7
31,Female,Employed,5.0,,9.1,0.5,4.8,7.3,1,10.3,3.9,5.6,5.7,5.7,41.5
38,Female,Student,5.5,6.9,4.8,1.0,7.9,3.7,2,9.3,4.2,7.9,3.3,2.3,53.6
55,Male,Employed,9.5,5.0,5.1,1.9,6.6,2.8,1,6.9,8.0,2.3,5.9,2.7,65.4
29,Male,Employed,5.7,5.3,4.7,2.6,7.3,4.4,1,8.9,5.3,2.3,2.8,3.1,62.7
53,Female,Employed,5.0,2.4,4.0,0.4,6.4,3.6,0,9.9,5.2,7.6,5.6,7.1,30.0
45,Male,Employed,7.6,5.3,6.5,1.0,3.5,8.8,5,10.1,4.6,5.4,6.4,10.0,42.1
25,Male,Employed,6.7,4.7,4.8,3.7,3.9,9.1,1,6.8,7.0,6.0,3.3,7.6,44.0
55,Male,Student,4.5,4.2,9.3,3.8,6.1,7.1,2,8.9,5.9,4.6,3.4,8.1,38.8
36,Male,Employed,7.5,6.6,4.2,3.0,10.0,9.0,2,8.8,7.8,5.0,6.1,3.3,78.1
18,Male,Student,8.3,7.2,4.9,3.4,7.8,,1,7.1,4.9,6.6,5.1,3.5,83.1
55,Male,Student,6.1,4.3,3.8,11.6,5.5,6.1,1,7.3,5.7,7.3,5.2,3.9,61.5
18,Female,Employed,5.2,4.0,6.6,0.8,7.0,4.4,2,15.3,2.9,5.5,2.8,9.6,30.8
34,Female,Employed,4.6,5.2,7.1,1.1,6.6,7.1,2,8.2,4.7,1.0,10.0,3.9,74.5
43,Female,Student,5.8,3.9,6.4,1.6,10.0,5.9,2,5.0,10.0,3.2,7.2,3.0,66.6
42,Male,Student,4.9,3.9,5.0,5.5,7.2,7.4,3,9.2,6.7,5.6,7.4,7.3,45.3
19,Female,Employed,5.6,4.1,4.6,0.2,5.8,6.3,4,9.3,6.9,5.5,5.7,4.2,45.1
47,Female,Employed,6.9,2.1,1.0,2.7,7.4,7.6,0,7.9,6.6,1.0,4.6,7.6,50.1
39,Male,Employed,5.9,5.0,7.9,0.9,7.6,6.4,1,12.2,3.5,5.3,2.0,6.2,35.9
36,Male,Employed,5.4,3.7,5.3,4.1,4.0,6.8,2,4.2,5.3,7.5,6.9,4.7,41.3
19,Male,Student,7.2,2.5,3.9,,8.3,5.5,3,10.4,6.4,3.6,6.1,4.9,54.6
24,Female,Student,8.1,2.7,5.8,0.5,6.2,8.1,4,10.1,5.1,3.8,7.8,9.0,43.1
41,Female,Student,5.7,4.5,6.5,3.5,6.8,5.6,8,6.0,3.8,6.4,6.9,8.0,39.1
22,Female,Employed,5.6,5.9,2.1,0.5,6.8,6.8,3,4.2,2.9,1.0,,6.3,66.4
49,Female,Employed,6.0,9.8,9.7,2.7,2.2,5.7,2,11.4,6.9,5.1,6.7,5.9,51.4
50,Female,Unemployed,6.8,3.7,2.1,,4.9,3.3,1,0.0,6.4,3.3,3.0,8.7,40.5
25,Male,Student,6.6,5.5,3.8,5.1,7.3,6.4,4,11.4,5.8,3.0,10.0,7.4,72.9
51,Female,Unemployed,4.9,4.6,7.2,2.7,10.0,8.8,2,0.8,10.0,10.0,4.7,9.1,27.8
19,Male,Student,5.7,7.3,1.1,1.9,5.9,5.8,1,9.0,5.7,5.0,3.0,2.9,54.9
25,Female,Employed,6.7,1.7,4.9,2.7,4.1,3.5,4,4.8,8.8,1.3,10.0,4.9,45.1
55,Female,Unemployed,5.5,7.4,3.2,1.8,4.2,6.7,3,0.8,4.9,8.7,4.9,9.8,32.4
48,Female,Student,3.6,6.1,7.1,5.2,6.7,6.2,0,8.9,5.2,6.4,5.9,1.4,54.6
20,Male,Unemployed,3.6,7.6,5.2,1.1,4.4,7.3,3,0.7,9.0,1.2,0.7,1.2,48.3
56,Female,Employed,6.1,1.6,7.0,0.3,5.7,1.5,4,12.4,2.5,7.0,6.5,8.7,18.2
57,Male,Employed,7.4,6.6,6.4,1.8,5.8,4.7,2,7.3,5.3,5.2,10.0,5.3,66.9
50,Female,Unemployed,6.9,7.4,4.9,5.1,3.6,5.3,1,0.0,3.6,7.3,4.9,4.2,60.0
52,Male,Employed,5.9,5.4,3.6,1.6,5.4,3.5,1,4.0,6.1,6.8,3.2,4.2,46.4
31,Male,Student,8.5,,7.2,1.4,4.3,,1,7.6,6.9,1.0,6.9,7.7,42.7
38,Male,Employed,7.1,3.5,4.6,0.2,4.4,6.8,2,3.5,3.8,1.2,2.6,4.2,57.4
20,Male,Unemployed,7.2,1.0,6.4,1.0,4.7,4.3,4,1.1,5.5,7.6,4.2,3.4,41.0
48,Female,Employed,9.6,4.8,7.6,0.2,9.9,8.5,1,7.9,9.0,5.8,8.0,3.7,63.9
31,Male,Employed,7.7,8.9,5.1,2.1,2.5,8.8,2,9.1,5.5,4.4,6.7,1.6,71.3
21,Male,Student,6.2,9.6,9.4,0.9,4.7,8.8,2,5.3,6.3,2.3,8.7,8.2,65.9
35,Male,Employed,5.6,3.5,6.9,0.8,7.7,7.5,0,4.4,3.3,8.2,3.7,3.1,60.9
45,Male,Employed,10.0,3.5,5.4,0.6,5.4,5.7,2,6.9,5.7,9.1,3.7,4.9,45.3
25,Male,Employed,6.2,4.1,6.7,1.8,8.2,8.8,0,4.4,2.0,2.7,1.0,4.2,59.1
52,Male,Employed,6.0,5.7,7.0,8.0,2.6,7.4,1,7.2,3.6,1.8,6.7,3.7,64.8
47,Female,Student,5.8,4.3,2.5,3.9,5.5,7.7,2,10.8,8.5,6.5,8.1,5.4,52.0
29,Female,Student,8.7,9.6,6.9,0.1,9.0,5.4,1,11.7,3.1,5.1,7.3,4.9,81.7
53,Male,Student,6.3,3.2,7.9,7.7,5.6,7.4,3,5.5,7.2,5.0,8.8,5.4,47.7
31,Female,Student,6.5,3.3,7.6,5.5,10.0,7.5,1,11.5,9.9,7.8,7.5,3.0,70.1
55,Female,Student,7.8,7.1,4.2,4.4,4.7,6.2,1,10.7,3.9,7.0,9.1,7.2,60.6
21,Female,Unemployed,6.7,7.1,2.6,0.1,4.0,7.0,1,1.8,5.6,6.0,3.4,2.9,60.2
46,Male,Student,5.9,3.7,5.1,0.6,4.5,4.8,3,5.6,5.9,4.6,8.6,4.8,44.6
28,Female,Student,10.0,7.7,6.1,0.1,3.6,7.4,2,2.3,8.1,3.6,8.2,6.6,58.7
32,Male,Employed,9.6,9.3,6.0,3.1,8.3,5.1,2,10.3,8.5,7.0,4.5,4.2,70.3
36,Male,Employed,7.3,5.2,2.5,5.0,2.8,4.7,2,0.5,5.0,7.6,4.0,8.7,41.5
47,Other,Unemployed,7.5,5.0,2.6,1.9,4.4,6.7,0,2.2,4.2,7.7,8.5,5.5,47.2
23,Female,Student,5.0,3.3,7.3,0.5,5.1,2.8,1,4.2,8.5,5.0,,7.9,29.0
42,Male,Student,6.8,7.6,9.4,3.6,9.7,4.5,3,7.7,8.0,5.4,7.0,10.0,48.7
54,Male,Employed,5.8,6.8,4.6,2.0,7.2,7.3,1,9.9,5.0,7.1,7.3,3.6,67.6
46,Male,Student,4.9,7.5,6.7,8.7,6.7,5.2,5,8.6,4.7,1.8,5.7,2.3,72.8
48,Male,Student,4.1,5.7,9.2,0.4,4.2,4.6,3,7.6,6.3,4.0,5.2,5.3,38.5
44,Male,Employed,7.8,4.7,4.1,7.8,4.3,10.0,2,5.9,6.1,8.1,3.8,5.3,57.4
24,Male,Employed,2.9,6.6,7.7,0.6,3.9,7.5,2,9.5,8.2,4.4,6.2,6.9,42.8
35,Female,Employed,6.7,8.2,8.5,3.5,4.7,4.7,1,8.1,5.3,3.4,7.4,3.4,69.6
56,Female,Student,5.8,4.6,3.3,1.0,5.8,5.0,3,12.3,8.1,2.0,7.5,4.3,47.6
26,Male,Unemployed,6.6,4.0,6.2,2.1,3.6,7.6,3,1.5,8.8,9.9,5.5,7.1,37.5
25,Other,Student,9.6,4.5,3.9,0.3,6.5,9.4,1,12.5,4.5,2.4,7.5,10.0,52.6
31,Male,Employed,7.9,8.1,7.7,2.9,1.9,,3,6.1,5.0,7.5,6.4,2.5,57.0
55,Female,Employed,5.7,5.5,4.0,1.2,0.0,7.2,3,7.5,6.2,6.5,8.2,5.6,41.7
33,Female,Employed,6.4,7.5,2.1,1.4,2.6,7.9,2,10.5,5.2,5.5,5.6,3.4,69.1
42,Female,Unemployed,6.0,,4.7,3.4,7.0,8.9,1,1.7,3.6,2.8,7.0,1.1,97.1
22,Other,Student,6.7,2.8,2.1,4.2,3.2,6.9,3,4.4,6.5,3.8,7.1,5.3,46.7
46,Male,Student,5.8,5.0,7.1,0.4,10.0,2.3,2,7.2,8.9,10.0,9.8,7.0,37.7
56,Male,Employed,5.3,3.9,3.9,3.9,7.3,4.0,1,8.6,7.5,3.4,5.9,8.1,40.3
50,Male,Employed,6.9,6.7,4.9,1.9,2.4,5.7,0,6.5,7.0,1.0,9.7,5.9,71.1
37,Male,Employed,4.8,4.4,5.0,1.7,5.5,5.8,1,5.5,6.7,2.0,4.8,9.4,37.1
35,Female,Unemployed,5.6,4.4,2.7,5.5,4.8,5.9,2,2.8,6.6,4.0,4.3,2.8,58.2
34,Female,Employed,5.5,7.4,5.4,0.2,6.2,5.6,1,9.9,7.6,2.5,7.6,1.3,73.4
25,Female,Student,6.4,5.7,3.0,0.2,4.1,3.5,2,12.3,6.0,6.3,4.6,5.0,45.5
30,Female,Student,7.2,,0.1,4.8,7.3,6.8,0,6.9,5.4,4.0,3.1,4.5,69.1
41,Male,Employed,5.3,6.3,3.3,3.7,6.7,7.0,3,9.7,1.7,3.8,7.2,6.6,63.7
51,Male,Student,7.2,5.6,2.9,2.1,7.2,6.7,5,8.0,10.0,5.0,6.0,8.6,36.4
45,Female,Student,5.1,5.1,7.8,0.2,2.5,7.3,0,8.3,4.3,1.0,4.7,4.6,48.2
32,Male,Student,5.9,3.2,6.3,0.2,3.3,9.5,2,9.4,5.3,10.0,2.6,7.0,30.3
32,Male,Student,6.9,6.2,5.4,0.6,7.4,7.9,1,4.7,8.2,7.5,6.5,5.6,58.3
42,Male,Student,6.4,6.0,6.7,0.1,6.0,6.1,2,7.2,7.6,4.5,6.6,1.0,62.9
41,Male,Student,7.9,,5.5,2.0,4.5,6.7,0,7.3,5.6,6.1,7.6,5.4,55.8
58,Female,Student,5.7,7.4,8.0,4.0,4.1,6.1,6,6.8,6.8,4.1,8.6,2.9,64.6
19,Male,Student,5.7,8.8,3.3,2.2,7.4,6.9,4,10.2,9.5,3.4,5.7,7.2,64.2
27,Female,Employed,4.7,4.5,8.1,1.7,6.1,8.0,1,8.4,4.9,6.6,5.5,4.8,33.1
51,Male,Student,7.1,3.3,7.3,1.0,10.0,6.3,1,9.5,5.5,9.6,2.9,6.0,30.1
54,Male,Employed,8.3,9.6,8.7,,6.7,6.9,1,9.5,5.6,4.1,4.6,4.2,78.0
25,Female,Employed,10.5,4.8,7.4,11.7,8.7,6.8,0,8.1,5.5,5.6,5.2,2.4,71.3
35,Male,Student,8.1,4.6,6.0,0.1,5.6,1.0,2,6.6,4.2,2.9,7.9,5.1,55.5
27,Male,Student,5.4,5.5,6.6,1.4,6.5,4.6,0,5.5,3.9,3.0,7.9,9.5,39.5
25,Male,Student,7.3,5.5,6.7,1.4,5.9,2.5,0,5.5,6.8,8.7,8.0,4.5,58.7
23,Male,Student,7.8,3.7,5.0,1.1,5.1,3.1,4,7.4,6.3,5.9,9.4,5.6,50.6
45,Male,Unemployed,4.8,5.8,6.9,0.2,5.9,5.3,1,0.3,7.0,7.9,,3.5,45.3
24,Male,Employed,4.4,8.6,6.8,2.7,4.9,4.8,1,10.5,6.6,10.0,,6.7,43.4
19,Female,Unemployed,5.5,1.5,6.9,4.8,5.5,3.5,2,2.8,7.6,6.5,4.3,5.8,27.9
38,Male,Student,4.7,4.1,4.0,2.2,3.2,6.4,1,8.1,7.8,1.6,,3.9,52.3
40,Female,Employed,7.4,3.6,7.5,2.6,6.9,7.0,3,5.1,7.3,4.8,7.7,6.3,54.3
36,Male,Employed,7.3,5.2,2.5,5.0,2.8,4.7,2,0.5,5.0,7.6,4.0,8.7,41.5
33,Female,Employed,6.0,4.3,7.3,3.0,6.9,6.5,1,5.0,3.7,4.7,5.1,5.2,56.5
46,Female,Employed,7.1,6.6,2.3,0.5,4.0,,4,11.9,6.3,4.8,4.8,2.4,60.6
26,Male,Employed,7.3,7.6,5.2,0.7,1.2,6.7,2,9.9,4.5,1.0,6.7,3.8,67.8
26,Female,Student,8.1,8.4,4.5,4.4,7.3,8.5,4,12.1,4.9,6.8,6.0,4.8,62.9
24,Male,Student,4.4,6.4,7.3,1.0,6.4,2.6,1,9.1,8.3,6.5,8.6,9.7,39.4
53,Female,Employed,5.6,2.8,4.5,1.0,4.7,8.0,1,4.7,6.6,1.0,5.4,8.0,43.7
31,Male,Unemployed,6.3,5.5,5.4,0.8,2.7,9.8,3,1.6,4.4,5.5,0.0,9.0,25.4
21,Male,Student,7.4,8.4,3.9,0.7,7.3,5.2,2,5.5,6.4,5.7,5.4,9.0,46.3
45,Male,Employed,7.0,4.2,5.8,1.5,4.7,5.5,0,11.6,9.2,1.6,7.4,2.0,51.6
35,Female,Unemployed,5.5,3.0,5.1,3.1,4.2,6.2,2,2.2,2.6,3.8,6.2,7.3,56.2
53,Male,Student,6.7,8.6,4.2,1.6,4.2,4.7,2,9.9,8.8,4.4,6.1,1.0,79.2
25,Male,Student,6.7,7.1,8.0,0.9,2.8,3.5,2,5.7,3.4,1.0,4.3,6.5,46.1
47,Female,Student,7.3,4.6,3.0,0.1,1.6,,2,6.9,2.1,2.8,4.6,6.4,38.3
56,Other,Employed,5.3,8.2,6.6,3.3,4.9,8.7,3,3.3,8.4,1.2,6.7,7.5,61.9
31,Female,Employed,7.9,,9.2,1.3,10.0,7.8,3,8.9,7.9,5.3,6.0,5.9,64.3
34,Female,Employed,2.6,8.3,4.1,4.4,9.9,,4,9.0,6.4,3.4,9.5,3.9,86.3
51,Male,Student,4.7,7.9,5.2,0.7,4.9,1.9,1,11.3,1.3,1.9,5.1,2.8,73.7
36,Female,Employed,7.8,9.8,7.7,0.5,4.7,4.1,2,10.6,3.5,5.9,3.8,3.6,66.6
47,Male,Student,5.2,1.0,8.4,3.7,5.8,7.0,2,10.6,3.4,5.7,5.6,5.3,43.9
34,Female,Student,6.2,1.0,8.1,0.9,5.1,7.0,1,9.0,6.9,2.1,1.5,6.9,27.2
23,Female,Unemployed,7.6,6.9,2.5,1.6,4.6,2.3,0,0.9,4.2,7.3,2.4,3.4,60.5
41,Female,Student,7.0,8.1,4.5,0.3,5.9,6.6,1,7.9,6.7,5.7,5.4,6.2,66.0
44,Female,Student,6.9,8.2,5.7,1.6,4.4,7.2,0,7.3,3.3,10.0,7.6,3.8,47.3
49,Female,Employed,6.9,5.0,8.8,1.9,2.4,1.0,2,9.0,7.0,6.6,4.5,1.8,46.2
46,Male,Student,7.0,3.5,4.8,,5.3,4.7,3,7.4,6.3,7.3,9.4,4.6,47.0
27,Male,Employed,5.5,6.6,5.2,0.5,6.6,5.4,0,8.6,4.9,7.0,10.0,8.2,45.9
48,Male,Employed,7.6,5.8,5.2,4.2,2.5,,5,7.0,7.1,1.5,5.3,6.0,68.2
27,Male,Student,6.1,4.0,1.9,1.1,3.4,8.1,3,8.0,3.8,2.4,5.2,7.6,41.8
59,Female,Employed,5.5,8.1,1.0,2.3,6.9,7.4,2,6.5,3.6,3.2,3.8,6.8,62.2
36,Male,Student,8.0,2.6,5.3,6.3,6.8,7.2,1,6.5,9.2,4.6,6.6,9.5,47.0
47,Female,Student,6.7,7.8,5.0,1.3,7.7,2.5,3,7.6,10.0,5.1,6.4,1.0,59.1
54,Female,Student,8.9,4.5,6.3,2.9,10.0,2.9,1,6.1,7.0,7.7,6.7,6.5,54.4
56,Female,Student,6.6,2.4,2.4,1.4,6.0,2.4,4,4.8,4.3,10.0,4.3,5.3,29.7
30,Male,Student,3.9,4.0,2.9,2.0,9.3,6.1,6,8.8,5.1,3.7,9.9,7.0,47.9
45,Male,Employed,4.7,1.4,4.7,0.8,4.1,6.6,2,9.6,7.1,3.2,6.2,6.1,48.4
52,Female,Student,7.9,8.0,5.5,0.8,9.1,6.4,1,8.7,5.0,5.4,6.3,2.2,81.7
51,Male,Employed,8.9,8.0,7.3,4.5,5.1,4.9,3,10.9,5.7,4.6,8.6,5.8,77.4
41,Male,Student,6.0,2.5,6.5,1.5,5.1,5.4,3,10.0,7.5,3.5,6.0,5.1,30.7
23,Female,Student,5.9,7.1,4.1,2.8,9.0,2.2,1,5.9,6.4,9.6,,6.4,56.8
54,Male,Employed,5.9,6.2,7.9,2.0,1.5,6.1,1,6.4,5.2,5.6,9.2,4.0,52.6
23,Other,Student,4.2,7.0,6.7,3.1,5.6,5.2,3,8.4,6.1,5.3,7.7,7.0,49.2
51,Female,Student,10.1,8.1,2.0,0.3,3.6,7.4,0,9.0,8.1,3.1,8.5,3.4,65.0
19,Female,Employed,6.3,8.6,0.0,3.3,3.4,2.1,3,6.5,4.6,5.9,8.1,9.7,51.2
54,Female,Employed,7.5,7.1,6.3,0.1,8.3,6.4,1,9.6,5.7,3.9,4.1,5.0,59.0
30,Female,Student,5.6,1.3,5.8,3.3,6.4,8.0,1,6.7,6.6,9.6,2.0,3.3,43.1
41,Male,Employed,7.0,6.4,2.3,2.5,5.5,8.3,6,8.9,4.0,2.3,9.3,2.8,70.0
58,Male,Student,5.3,6.0,3.8,8.9,6.7,5.1,1,6.6,5.6,3.2,4.8,3.4,73.0
34,Male,Employed,6.5,4.2,9.0,0.2,5.7,5.8,3,8.8,10.0,4.3,5.7,5.0,37.4
32,Male,Employed,8.1,2.3,2.4,4.6,5.6,8.7,1,9.5,6.5,3.3,2.6,7.5,49.5
39,Female,Student,9.1,8.2,3.0,0.9,1.9,5.4,3,8.8,5.0,6.0,6.0,5.1,57.7
26,Female,Student,6.7,5.5,8.7,0.3,6.9,4.4,3,7.4,6.3,3.4,10.0,3.9,68.8
21,Female,Student,4.7,2.7,4.3,0.4,5.6,4.4,0,6.0,9.5,6.8,6.4,2.9,42.7
21,Female,Student,8.4,7.5,5.8,0.4,6.0,5.7,2,7.1,4.2,3.2,5.0,3.2,60.9
22,Female,Student,7.8,9.0,1.7,10.8,6.8,,3,10.2,3.8,7.4,7.1,6.2,63.7
39,Female,Student,7.5,5.8,2.8,0.9,3.3,8.9,1,5.2,5.6,4.9,3.6,3.9,57.8
39,Female,Employed,6.4,7.4,9.0,6.7,8.0,6.4,4,8.4,4.3,3.8,8.2,3.8,77.9
53,Female,Student,6.1,,3.3,7.0,7.1,7.9,3,9.7,4.9,4.4,6.4,10.0,59.5
44,Male,Unemployed,7.8,6.8,5.8,1.4,3.1,7.3,1,1.3,9.2,1.9,,1.6,56.7
30,Other,Student,6.3,5.3,6.7,1.1,4.9,6.4,2,5.5,4.8,7.7,7.1,7.0,32.9
44,Other,Student,6.1,5.8,7.3,0.4,1.9,8.2,2,6.4,6.8,7.2,5.5,9.3,19.9
34,Male,Employed,7.9,,8.3,2.4,6.9,6.4,2,6.9,9.6,5.8,6.2,5.1,62.3
21,Male,Unemployed,5.9,9.5,5.7,4.8,5.6,7.0,1,0.5,7.1,7.4,8.1,3.2,77.3
45,Female,Student,4.7,10.0,7.7,2.8,1.3,6.3,2,6.7,8.6,5.8,7.4,3.4,59.1
19,Female,Student,8.5,6.1,7.8,1.5,6.0,4.6,3,6.8,8.1,5.8,8.6,2.8,67.3
55,Male,Employed,6.5,8.9,4.5,0.5,7.4,3.4,2,9.5,8.3,6.8,7.7,4.7,54.4
49,Male,Employed,4.3,3.8,6.0,4.0,7.0,7.1,3,7.2,7.9,5.5,6.7,6.5,41.2
35,Male,Unemployed,5.2,6.2,9.4,1.6,7.6,4.6,2,0.7,7.9,4.6,5.4,6.2,47.8
32,Female,Employed,7.3,8.0,6.5,0.6,7.1,7.3,2,8.3,8.1,3.7,9.2,4.2,68.3
38,Female,Student,5.7,7.4,5.3,0.5,8.5,6.4,4,7.7,5.7,6.9,5.5,5.7,65.6
22,Female,Employed,4.2,,4.4,1.3,5.4,9.1,2,7.8,6.5,6.5,,1.1,62.4
50,Female,Student,5.5,6.6,7.1,5.8,6.8,4.8,4,6.8,6.9,8.6,4.7,2.3,67.0
35,Male,Student,4.7,2.7,6.1,4.6,3.4,5.8,2,11.2,1.2,9.1,7.3,2.2,50.1
48,Male,Employed,4.6,4.8,4.9,0.5,3.2,6.5,1,8.5,4.2,7.1,8.1,5.7,37.0
54,Female,Employed,6.5,6.1,8.6,2.1,10.0,5.7,1,6.8,8.4,5.8,,2.6,66.0
18,Male,Employed,7.3,6.5,8.6,6.2,5.4,3.1,1,3.6,6.1,6.3,10.0,6.8,51.5
34,Female,Student,5.6,4.2,4.4,6.9,7.8,7.9,3,5.5,4.2,4.3,5.1,5.4,55.3
40,Female,Employed,8.0,9.0,7.6,5.5,5.7,7.3,5,7.7,7.2,8.6,2.6,3.0,71.5
38,Female,Student,8.8,8.2,4.8,,6.9,5.5,2,11.5,10.0,7.5,6.7,1.4,76.7
42,Male,Student,8.1,6.2,7.6,0.9,4.4,6.5,4,6.2,5.7,5.6,4.0,1.0,58.3
31,Female,Student,5.3,,0.0,0.7,4.0,7.1,0,5.9,7.0,4.8,8.7,8.0,46.1
33,Female,Student,4.6,5.1,6.4,14.0,5.9,7.9,2,5.4,5.1,2.0,9.4,4.6,78.2
25,Male,Student,6.1,5.0,5.1,0.7,7.4,7.2,2,2.3,4.7,6.5,5.9,4.5,70.3
20,Male,Student,7.4,6.6,6.0,1.3,4.8,6.3,3,3.1,3.5,6.1,5.4,4.4,42.7
21,Female,Employed,6.9,4.3,3.9,1.3,0.5,5.6,2,5.1,9.5,1.9,4.1,9.8,33.5
18,Female,Employed,5.7,7.8,10.0,1.1,7.5,5.8,1,8.7,2.7,2.9,4.9,6.2,56.3
53,Female,Employed,6.4,6.0,2.9,5.5,4.7,4.0,3,3.1,8.6,7.8,9.3,8.4,46.6
32,Other,Student,5.8,3.8,5.1,6.1,2.2,8.4,0,6.9,5.4,6.0,6.9,7.6,41.4
59,Female,Employed,3.7,7.1,8.5,1.0,3.4,8.0,2,8.6,8.0,10.0,9.0,5.3,32.1
25,Other,Student,7.2,8.0,8.3,1.4,3.7,6.9,3,6.6,6.8,10.0,7.9,4.7,59.4
34,Female,Employed,7.7,6.4,7.9,1.8,4.3,3.6,2,4.6,5.1,5.7,5.2,5.1,47.8
46,Male,Student,7.5,5.9,8.0,8.7,9.5,6.7,1,2.1,6.3,4.5,4.4,3.0,73.5
40,Female,Student,8.1,6.4,7.8,10.7,6.7,9.2,1,9.9,1.0,5.6,8.0,3.7,85.4
57,Male,Student,6.7,7.0,5.1,1.1,6.3,9.4,1,6.2,5.9,5.1,7.4,3.2,77.0
23,Male,Student,6.9,7.0,2.6,2.3,6.0,7.0,1,6.5,7.1,3.1,2.9,7.8,58.2
30,Male,Student,5.7,1.0,9.4,1.4,8.0,2.7,4,5.3,5.3,1.7,,4.4,41.0
58,Male,Student,8.5,6.8,6.7,3.7,4.5,7.9,2,8.8,3.7,6.9,1.3,6.6,49.5
42,Female,Employed,6.9,8.3,5.4,1.3,9.5,8.0,2,5.6,6.2,1.0,4.0,4.9,70.8
29,Male,Student,4.9,7.0,5.6,6.5,4.3,2.5,0,8.3,6.5,3.0,2.7,3.7,57.2
59,Female,Employed,6.0,7.8,5.6,0.7,6.1,7.2,0,6.5,5.4,6.7,3.7,2.9,60.1
33,Male,Unemployed,5.2,6.8,6.1,5.6,8.1,5.4,4,0.1,6.5,7.8,8.6,6.9,65.3
30,Male,Employed,6.6,9.4,5.2,1.6,9.2,5.2,1,9.6,1.5,3.9,10.0,7.0,71.9
46,Male,Employed,8.4,5.5,6.2,2.2,6.7,6.6,1,4.9,6.2,6.8,8.7,6.5,47.8
32,Female,Employed,5.4,10.0,5.4,1.4,10.0,7.3,2,10.8,5.1,5.3,4.0,7.7,70.7
21,Female,Student,7.5,10.0,4.2,4.8,7.0,7.5,0,2.7,8.3,4.7,,3.6,78.0
18,Male,Employed,7.4,2.9,4.8,0.3,9.5,4.3,3,6.9,6.3,7.6,,3.0,56.7
49,Female,Employed,8.9,3.5,6.8,1.3,2.5,4.7,0,4.9,5.9,5.6,6.0,1.0,61.0
40,Male,Employed,6.0,3.1,5.8,0.3,10.0,8.2,1,4.2,5.8,5.2,6.0,5.1,45.7
20,Male,Student,6.0,7.0,5.1,0.1,3.5,3.5,0,2.6,4.4,4.0,7.9,2.3,64.1
20,Male,Employed,3.4,3.6,3.9,0.2,6.0,6.1,1,9.6,5.7,4.9,7.3,7.0,50.2
56,Female,Student,6.1,8.4,2.6,3.8,6.8,7.9,2,6.6,3.9,8.6,5.1,1.6,76.0
32,Male,Student,6.3,10.0,3.9,3.0,2.5,5.6,0,9.8,3.8,2.7,4.3,5.5,67.5
59,Female,Student,8.4,4.8,5.8,3.4,9.4,9.6,1,4.3,9.1,3.1,7.0,4.5,72.8
24,Male,Employed,8.0,7.2,6.5,0.2,6.2,3.9,3,7.0,6.0,1.6,6.0,3.0,61.6
50,Male,Student,5.3,6.6,5.6,1.5,4.2,7.9,0,11.4,8.5,1.0,6.6,6.9,45.0
21,Female,Employed,4.1,5.8,7.3,4.1,1.7,3.1,2,5.9,6.9,2.9,7.9,5.9,41.9
33,Female,Student,9.2,8.0,5.8,1.6,7.8,4.1,0,7.9,5.2,6.4,,7.2,61.1
27,Male,Student,5.9,2.4,7.1,2.9,2.9,5.3,2,8.8,7.1,5.3,7.6,2.8,45.9
18,Male,Employed,3.7,2.1,8.5,1.9,6.4,7.6,4,6.5,5.6,4.8,8.3,8.7,31.5
38,Male,Student,7.2,7.8,4.7,0.5,9.1,3.0,4,7.7,8.2,5.0,5.3,4.9,63.3
32,Male,Unemployed,7.4,7.2,7.3,6.7,5.9,7.5,0,1.5,9.4,1.8,7.2,7.2,61.1
20,Male,Student,4.4,3.7,11.9,9.3,4.8,6.6,1,8.5,6.9,4.6,8.0,3.4,73.3
19,Female,Student,4.4,10.0,6.3,2.3,4.2,5.0,3,9.8,5.7,5.9,8.7,7.4,54.9
46,Female,Student,6.2,6.5,4.9,2.6,5.2,4.9,1,3.6,5.1,10.0,6.9,4.5,62.0
34,Female,Student,7.3,6.2,4.9,8.7,3.7,5.8,1,8.5,4.4,3.8,8.3,3.2,71.3
31,Male,Employed,7.0,5.0,4.5,0.3,10.0,1.3,1,8.0,7.0,8.2,7.5,7.2,48.3
46,Female,Employed,5.3,3.2,6.5,6.7,6.6,4.8,0,9.9,4.9,7.4,6.1,3.9,56.0
50,Female,Employed,5.6,7.4,3.3,0.9,0.4,4.0,2,4.8,9.6,6.2,6.8,3.3,44.1
25,Male,Employed,5.3,3.5,3.1,0.3,5.5,3.1,2,7.3,5.1,4.5,5.5,4.3,41.0
27,Female,Student,7.4,6.0,2.5,7.4,0.5,5.1,5,4.8,10.0,5.5,8.9,6.1,59.5
47,Female,Employed,8.5,9.5,2.6,1.0,2.4,6.0,1,7.1,5.2,4.4,7.2,5.0,74.6
50,Male,Unemployed,3.6,7.8,5.7,0.8,4.9,5.6,1,2.8,5.4,5.8,10.0,7.8,49.4
20,Male,Employed,5.5,4.6,2.2,1.1,6.3,7.0,2,8.7,5.4,6.7,,5.4,51.4
35,Male,Employed,5.0,7.6,3.5,,8.8,6.1,2,8.9,9.3,1.0,7.0,5.2,68.1
54,Female,Employed,8.0,6.1,7.2,1.1,4.1,7.2,2,10.6,3.0,4.3,6.7,5.4,55.2
32,Female,Employed,4.3,5.5,2.7,1.4,7.7,6.3,0,11.2,5.6,8.3,6.7,1.0,60.9
39,Female,Unemployed,6.8,5.1,8.2,2.5,3.9,5.7,3,0.8,7.8,4.2,8.0,4.1,66.9
57,Female,Unemployed,5.7,8.5,4.7,1.1,7.3,3.8,0,0.8,5.6,6.4,4.6,5.0,56.9
44,Male,Unemployed,9.3,5.4,8.5,0.0,7.7,8.3,0,1.1,7.8,10.0,5.3,3.1,53.8
57,Male,Student,6.7,6.7,6.8,0.3,10.0,5.1,2,3.8,8.4,5.7,6.4,2.6,65.3
42,Female,Employed,5.5,5.9,4.2,3.1,8.9,,2,10.2,4.9,4.5,7.0,6.7,55.8
55,Female,Student,8.3,6.9,3.2,13.8,7.0,5.5,4,6.5,6.1,1.9,10.0,4.6,87.2
28,Male,Employed,7.3,2.8,25.86664203044082,0.0,1.7,,2,4.4,2.1,3.5,4.9,5.7,38.8
25,Male,Unemployed,7.0,7.9,6.6,5.3,10.0,5.9,3,0.0,5.0,7.2,,3.8,72.8
41,Female,Student,6.9,5.8,4.4,0.1,5.4,5.6,1,4.0,6.1,7.6,7.2,4.3,45.8
57,Other,Student,6.4,6.0,4.8,4.4,5.4,4.8,5,8.2,6.5,2.0,5.3,6.6,56.1
34,Female,Employed,6.6,8.7,0.0,1.6,3.5,6.6,2,4.6,6.4,6.5,5.4,5.1,47.9
45,Male,Student,4.8,4.6,4.0,7.4,8.1,6.4,2,12.3,7.0,5.6,7.4,3.4,69.9
30,Male,Employed,7.0,7.7,5.2,1.7,7.2,3.1,1,3.0,3.5,5.8,10.0,6.7,68.9
35,Female,Employed,8.5,5.0,3.8,0.4,3.5,5.5,3,5.9,6.1,5.0,7.7,4.5,58.6
50,Female,Student,6.1,8.1,6.7,0.9,7.5,3.2,0,13.0,6.3,3.5,7.8,2.6,68.6
39,Female,Student,9.8,7.3,9.5,2.2,7.0,4.5,0,8.9,4.9,4.9,6.9,5.4,68.5
53,Male,Employed,4.6,5.0,3.6,0.5,5.7,6.4,1,9.0,7.1,6.2,7.1,7.2,50.8
55,Female,Employed,5.3,6.1,5.9,4.2,7.0,8.8,2,10.5,7.9,4.7,6.7,5.6,59.7
46,Female,Student,8.1,6.2,7.2,0.1,1.1,7.9,3,5.6,5.4,8.3,4.4,5.7,47.8
19,Female,Student,7.5,4.5,4.6,1.9,7.1,6.8,1,4.4,5.2,3.8,7.5,2.8,61.8
50,Female,Employed,7.6,6.0,7.7,0.5,5.4,2.1,0,5.2,4.8,4.1,,5.7,55.7
23,Female,Employed,6.1,,9.4,0.4,2.6,7.2,4,8.4,5.4,5.8,5.8,4.2,53.2
50,Female,Employed,6.4,6.1,4.7,2.2,0.7,8.9,3,6.3,9.9,5.6,4.5,4.3,32.0
50,Female,Employed,7.2,5.8,8.3,6.6,6.5,7.1,2,2.5,4.9,5.9,8.2,4.3,64.1
50,Male,Employed,6.8,5.4,4.9,0.4,4.4,,0,8.0,6.1,5.6,10.0,3.9,63.5
54,Male,Employed,5.4,5.9,6.0,1.8,3.6,1.0,1,3.5,7.2,4.3,6.8,8.7,30.4
52,Female,Student,5.4,4.9,2.8,0.3,2.4,6.0,1,3.1,5.1,5.8,3.2,6.4,34.7
43,Female,Employed,5.5,4.5,2.7,1.4,3.7,7.8,1,7.0,6.0,7.3,8.4,5.1,40.1
58,Male,Student,9.4,5.6,4.0,1.5,0.0,8.0,3,9.6,3.8,8.1,6.3,7.1,44.2
53,Male,Employed,6.9,3.6,6.4,9.4,6.0,8.8,1,9.9,5.6,4.1,3.8,6.3,58.9
43,Female,Unemployed,5.6,5.4,4.7,1.9,3.4,4.0,3,1.5,2.1,5.4,5.5,6.5,52.1
42,Female,Employed,8.0,5.3,6.6,0.1,8.0,3.9,2,7.7,5.5,3.5,5.3,4.2,66.8
54,Male,Unemployed,8.5,10.0,2.6,4.2,10.0,6.8,4,1.3,4.1,4.5,,5.8,74.9
53,Male,Student,5.9,5.7,11.1,0.3,4.3,7.6,1,9.5,8.6,1.7,7.5,8.1,39.3
43,Female,Unemployed,5.2,4.8,3.4,1.1,3.3,6.6,3,1.2,3.8,6.5,7.2,5.0,40.2
23,Male,Student,3.8,,6.5,2.1,5.9,6.8,3,10.5,6.1,8.2,7.2,6.0,38.1
39,Female,Employed,5.4,9.0,4.6,0.5,4.6,4.3,1,9.4,5.4,6.0,1.9,7.0,48.4
41,Female,Employed,6.3,1.8,2.4,0.8,5.4,7.5,1,11.3,3.5,10.0,5.6,1.8,45.1
36,Female,Student,7.0,7.2,1.4,0.4,4.5,7.0,6,9.3,7.0,6.3,5.3,10.0,28.8
22,Male,Student,4.8,4.9,2.6,1.0,9.1,3.6,4,7.3,5.8,4.3,4.1,5.5,59.5
41,Male,Student,5.1,5.1,2.2,0.9,6.5,5.9,3,8.4,6.4,3.4,3.5,5.2,46.2
26,Female,Student,9.5,5.9,5.2,1.4,6.2,8.3,5,7.3,3.2,9.2,6.5,6.4,61.7
22,Male,Employed,7.0,10.0,28.71511261631554,8.7,9.2,8.6,3,5.7,6.6,7.9,5.9,1.0,97.1
29,Female,Employed,6.6,7.5,3.2,6.7,5.5,7.8,2,8.2,6.5,5.9,6.8,3.1,89.6
52,Male,Student,6.3,6.6,10.3,1.8,5.7,9.3,3,6.4,6.5,7.3,7.8,7.0,46.5
41,Female,Student,7.6,3.4,3.7,2.8,6.7,5.7,2,9.1,2.9,3.7,,5.8,42.7
59,Female,Employed,5.3,3.8,10.9,3.7,6.5,6.9,3,5.4,6.1,1.0,5.6,9.1,38.8
51,Female,Employed,8.8,1.3,7.8,0.1,5.5,7.8,4,5.8,8.0,9.3,8.1,5.4,30.0
36,Male,Student,4.9,3.7,3.5,1.0,3.9,3.3,0,8.7,6.2,3.7,7.9,5.5,38.6
20,Male,Student,6.2,7.5,3.8,5.4,3.4,5.4,1,5.3,8.3,8.3,5.5,8.2,42.3
32,Female,Student,7.6,5.3,4.9,2.1,2.9,5.9,3,9.9,5.3,6.8,8.9,3.5,49.6
41,Female,Student,9.1,,3.8,0.0,6.0,4.0,4,9.2,8.0,2.9,3.7,7.5,50.9
23,Male,Employed,7.8,6.3,8.5,1.3,1.7,7.6,2,7.2,4.7,6.9,10.0,4.8,61.8
54,Male,Student,6.3,1.0,8.1,1.3,7.0,1.4,6,10.1,5.9,5.5,9.6,1.0,39.7
30,Male,Employed,8.1,6.7,4.9,0.9,6.0,3.5,1,9.3,8.1,7.0,7.1,4.8,55.2
54,Male,Student,6.0,7.3,5.9,3.7,5.9,6.9,1,6.2,10.0,7.1,8.0,4.4,61.3
49,Male,Student,7.7,10.0,3.9,1.4,9.0,7.3,2,7.6,6.9,8.0,8.9,1.9,83.4
49,Male,Student,5.2,9.2,7.1,1.5,4.2,8.1,0,8.4,6.8,4.7,6.3,5.0,67.9
57,Male,Student,7.5,7.7,5.4,0.2,6.2,8.4,3,6.1,7.6,6.2,5.8,5.0,56.9
39,Female,Student,9.2,7.6,7.2,1.8,7.8,2.8,1,6.2,8.1,4.9,10.0,4.3,68.1
50,Male,Student,7.5,5.8,5.0,2.9,4.2,8.7,2,13.7,7.3,4.2,6.1,10.0,40.3
29,Female,Student,7.1,7.2,4.9,3.5,5.6,4.4,2,4.5,8.0,8.0,6.7,6.3,66.3
23,Female,Student,6.4,5.7,7.5,1.6,5.9,4.1,2,7.3,3.6,6.6,5.3,5.8,62.2
48,Male,Unemployed,9.2,6.2,4.3,0.4,6.2,,4,0.2,6.9,8.7,7.6,5.5,64.7
19,Female,Employed,5.1,8.5,7.2,2.1,8.2,3.6,2,6.5,8.6,1.0,6.1,4.6,74.5
18,Male,Employed,8.2,7.3,4.4,2.5,6.2,2.2,2,3.1,5.2,9.2,6.4,4.3,47.2
28,Female,Student,8.1,7.5,6.5,0.3,7.7,6.5,0,5.1,5.7,1.0,9.9,8.2,80.4
27,Female,Student,6.5,5.2,5.0,0.2,1.5,6.9,0,3.1,3.3,2.8,6.1,8.4,44.5
56,Male,Student,6.5,5.7,2.0,2.6,0.1,4.5,3,5.4,4.1,6.6,9.6,3.6,59.4
55,Female,Student,7.7,1.9,4.6,1.7,5.7,6.2,2,9.8,7.6,7.6,5.7,1.0,52.3
18,Female,Employed,6.7,9.0,9.1,5.1,9.4,3.2,1,6.6,6.7,3.2,8.2,2.4,88.8
54,Female,Employed,6.1,7.2,0.7,0.5,5.5,7.1,4,8.4,8.3,3.5,4.8,8.2,42.7
21,Male,Employed,3.7,5.3,4.2,10.7,2.7,6.0,1,7.6,5.6,7.5,4.9,7.8,40.3
37,Male,Student,5.4,6.0,5.3,2.6,6.2,6.7,3,3.8,7.0,4.8,6.0,6.3,46.4
39,Female,Employed,9.0,5.6,5.1,1.4,1.8,7.0,2,6.0,5.9,5.8,9.4,1.3,77.4
33,Female,Student,6.7,6.4,4.8,2.5,6.1,6.4,0,9.9,6.0,5.4,4.1,7.7,47.2
30,Female,Employed,8.8,6.6,8.9,2.5,6.0,5.4,0,7.6,4.8,7.5,4.4,8.4,51.4
18,Male,Employed,5.3,3.2,6.0,1.3,5.6,6.2,2,7.8,7.7,9.8,7.4,2.8,40.7
23,Female,Student,6.4,5.7,7.5,1.6,5.9,4.1,2,7.3,3.6,6.6,5.3,5.8,62.2
28,Female,Student,4.9,7.2,5.6,8.0,6.0,4.1,3,12.4,8.5,4.8,2.8,3.9,59.5
32,Male,Employed,3.7,7.7,2.7,0.7,5.0,3.2,3,8.3,6.0,8.0,5.0,2.4,61.1
50,Female,Student,6.0,6.5,9.4,0.1,7.8,9.9,0,5.9,3.9,4.2,6.6,7.0,64.4
29,Female,Employed,8.0,5.8,6.1,3.7,7.5,4.6,3,5.4,4.3,5.8,3.2,5.3,57.7
39,Female,Student,5.1,8.3,3.9,7.6,6.7,3.5,1,10.4,3.8,2.9,,3.4,59.5
52,Female,Employed,8.1,7.4,3.0,3.0,5.7,5.6,1,5.6,7.5,1.0,8.9,9.2,64.0
32,Male,Employed,6.8,6.2,5.9,4.4,6.0,6.9,3,3.4,7.8,5.7,5.0,2.6,58.1
43,Male,Student,5.4,10.0,3.9,1.2,4.6,6.9,4,8.4,5.4,2.7,8.7,7.3,73.8
20,Male,Unemployed,9.1,8.6,6.8,3.6,4.1,3.6,3,0.1,6.0,5.2,4.7,4.8,69.0
34,Female,Employed,5.4,2.4,5.0,2.3,4.8,5.5,1,8.1,7.1,6.3,8.8,7.2,30.6
28,Female,Student,4.7,5.9,6.5,0.7,9.8,4.4,2,7.5,8.0,2.0,,7.2,42.5
45,Female,Student,6.0,7.1,8.0,3.8,3.8,6.7,1,11.6,3.4,5.6,4.9,6.9,44.6
48,Male,Student,9.2,5.1,6.5,4.4,9.9,4.4,1,5.6,7.6,4.7,7.5,4.9,60.4
38,Female,Student,6.8,8.4,10.2,4.2,10.0,8.5,2,5.7,3.6,7.2,4.2,2.0,78.8
32,Male,Student,4.2,6.5,2.1,7.2,3.2,6.4,4,10.3,6.0,4.7,10.0,4.4,80.9
24,Male,Employed,3.7,3.5,3.6,1.9,5.8,2.4,2,7.4,8.2,2.8,6.0,7.9,28.6
29,Female,Student,7.6,4.7,3.2,0.3,3.5,6.9,1,10.7,5.8,2.0,7.4,5.4,77.0
47,Female,Student,7.4,2.8,4.5,1.8,6.9,2.5,2,8.9,3.9,7.2,5.4,7.3,46.5
51,Female,Student,9.7,6.0,2.9,9.2,5.8,7.9,0,5.4,4.8,2.6,5.7,10.0,55.4
28,Male,Student,7.1,5.2,5.3,0.6,1.8,8.1,2,4.3,7.1,10.0,5.0,4.5,40.4
37,Male,Student,8.0,4.0,5.8,0.5,7.9,2.6,4,4.8,8.5,2.8,7.8,5.2,41.7
39,Other,Employed,6.4,6.6,2.1,4.6,7.5,6.9,0,8.8,4.6,5.3,10.0,2.8,79.3
29,Female,Student,8.5,3.7,5.3,0.7,8.3,5.9,3,6.3,9.6,1.5,9.3,1.8,73.8
48,Male,Employed,5.2,4.6,3.0,3.3,5.4,7.7,1,2.2,5.6,6.7,7.2,4.0,52.6
39,Female,Student,5.7,1.9,0.0,1.3,5.8,6.0,2,5.3,8.8,3.2,,4.4,36.5
33,Male,Employed,3.9,3.9,2.3,10.8,6.6,5.6,5,3.5,6.5,5.0,,8.7,46.9
37,Male,Employed,4.1,5.5,9.3,1.8,3.9,,3,8.5,4.3,8.7,8.9,4.7,57.2
22,Male,Employed,7.2,4.9,3.9,1.1,6.7,6.1,1,5.4,2.2,7.3,8.0,5.5,59.0
34,Male,Employed,8.1,5.5,9.1,0.6,5.0,2.7,2,9.1,3.6,10.0,5.6,3.0,43.4
22,Female,Student,4.1,6.1,8.3,0.4,6.0,6.0,2,7.3,7.0,8.6,5.9,6.8,47.1
25,Male,Employed,7.1,1.3,3.8,0.6,5.2,9.0,2,3.4,4.8,3.3,,6.4,35.2
32,Male,Student,5.8,5.8,2.3,3.1,3.8,4.0,0,5.7,3.3,4.5,7.5,4.9,50.5
27,Female,Employed,5.8,1.3,5.1,8.2,6.1,7.1,1,9.5,7.0,7.2,9.8,2.7,56.2
23,Male,Employed,6.4,6.3,6.6,3.0,7.6,9.9,4,6.6,7.4,5.9,10.0,6.6,68.2
40,Female,Student,8.4,7.5,5.1,2.2,8.1,6.0,4,9.4,8.6,3.2,7.2,4.8,70.0
46,Male,Employed,8.1,8.4,5.2,0.9,1.3,6.6,1,12.0,5.7,5.3,6.3,2.2,53.3
36,Other,Employed,4.0,3.2,7.1,,6.4,5.0,3,7.0,5.1,6.6,4.6,7.0,11.6
51,Male,Employed,8.1,5.4,5.1,0.4,10.0,6.3,4,4.9,7.7,5.1,10.0,6.8,63.3
49,Female,Student,5.1,3.9,7.2,2.1,7.7,6.7,3,4.6,7.6,10.0,7.3,5.6,30.5
28,Female,Student,10.7,4.4,0.0,3.1,6.6,6.2,3,8.0,4.6,5.6,0.0,8.8,48.2
37,Female,Employed,7.5,6.6,3.6,1.5,9.2,6.6,4,9.3,3.8,7.7,7.5,1.0,76.6
28,Female,Student,6.7,7.1,5.0,2.9,4.7,4.8,1,10.8,6.6,6.6,5.8,1.1,74.0
44,Male,Student,6.6,7.0,6.5,,1.3,6.8,0,3.7,7.5,6.0,4.1,7.6,39.1
19,Male,Employed,5.4,4.8,7.9,0.3,7.4,,0,8.6,5.1,4.7,8.3,5.7,65.4
57,Female,Unemployed,4.9,6.3,8.2,0.9,5.1,6.1,1,0.0,3.7,10.0,6.5,6.3,36.5
28,Female,Employed,6.5,7.2,5.5,2.1,7.6,7.7,1,8.6,5.3,6.7,3.4,6.4,61.3
50,Male,Student,8.0,3.2,3.4,1.5,4.8,4.2,1,10.9,4.6,7.7,6.5,2.5,54.9
44,Male,Unemployed,6.9,4.7,3.9,4.9,9.0,2.6,0,1.0,5.4,3.4,3.1,7.1,55.2
44,Female,Employed,5.5,7.3,6.3,0.3,3.0,1.0,4,4.5,8.9,2.7,10.0,6.8,47.1
55,Female,Employed,5.8,7.2,4.1,2.3,5.5,2.9,4,9.7,8.6,2.5,9.0,1.0,65.0
18,Other,Employed,7.4,1.9,5.1,1.3,6.0,3.7,5,14.0,4.0,9.7,7.2,1.4,41.6
37,Female,Student,6.9,4.2,6.7,4.5,8.9,2.6,1,9.8,6.5,10.0,5.4,9.0,24.6
26,Male,Employed,3.9,3.9,3.3,3.4,6.9,6.7,2,10.6,5.7,6.7,1.4,7.0,40.1
35,Male,Employed,6.4,1.8,6.5,1.1,7.5,4.7,3,8.3,2.6,6.9,,8.1,38.7
24,Male,Student,8.0,2.8,5.8,,3.4,6.9,0,9.4,4.8,3.3,5.4,5.9,47.1
46,Female,Student,9.2,5.5,1.0,6.2,2.5,,5,3.6,3.4,7.2,9.4,6.9,47.0
38,Female,Employed,6.1,9.9,4.5,1.8,9.6,6.2,4,5.0,4.8,8.7,7.4,2.4,85.9
53,Female,Student,5.9,4.4,8.4,0.0,3.8,2.6,1,3.6,5.3,6.4,5.8,8.0,28.0
47,Male,Employed,7.3,8.2,7.5,1.9,4.1,7.3,0,11.3,7.0,5.2,7.5,8.3,64.3
42,Male,Student,6.2,9.1,3.3,2.1,5.5,8.0,4,7.0,2.3,3.5,9.7,2.5,89.9
23,Female,Employed,6.0,9.5,2.0,1.1,6.8,4.0,5,8.9,4.7,1.0,8.1,4.2,73.8
29,Female,Unemployed,5.4,,4.8,3.5,10.0,6.0,4,0.1,5.6,6.0,6.2,3.6,61.6
58,Female,Student,7.8,3.6,6.2,1.5,3.7,5.1,3,6.6,7.4,5.7,8.5,5.7,42.7
28,Male,Employed,7.0,5.4,2.5,1.3,7.1,4.3,4,4.3,6.4,6.0,6.8,7.3,62.5
42,Female,Student,6.9,5.6,1.6,8.7,5.7,7.8,1,7.7,7.4,1.9,4.7,6.1,69.6
30,Male,Employed,7.4,10.0,5.8,0.7,3.8,4.3,2,9.8,6.4,5.7,10.0,7.1,54.3
45,Female,Employed,8.1,7.0,3.3,0.9,1.1,6.0,4,7.2,5.7,5.2,8.2,3.4,54.6
39,Female,Employed,9.2,8.2,4.8,1.8,8.6,,2,8.3,4.5,5.9,8.2,9.7,67.9
33,Male,Student,5.1,7.1,5.4,0.6,7.8,3.9,5,8.9,7.6,1.4,0.1,6.4,41.3
41,Male,Employed,5.9,8.6,2.0,10.6,4.5,8.4,2,11.3,7.4,6.7,5.2,7.6,57.6
51,Female,Employed,9.7,4.1,5.3,0.7,4.4,5.7,0,6.9,10.0,6.3,6.3,2.2,49.9
25,Female,Student,6.3,7.8,7.0,0.5,7.0,8.6,3,0.0,7.6,5.8,4.0,2.4,57.0
59,Female,Employed,10.0,8.0,6.4,1.5,6.5,7.5,0,8.9,5.8,5.4,4.1,5.6,62.8
59,Female,Student,6.8,2.2,1.4,4.4,5.1,5.0,5,8.3,7.1,3.7,6.3,6.9,37.8
49,Male,Unemployed,7.9,5.0,4.3,1.4,4.2,7.0,5,0.5,5.9,5.9,5.6,5.7,48.7
51,Other,Student,7.7,7.8,4.8,1.5,3.8,5.7,2,4.9,5.8,8.5,2.6,5.7,42.6
44,Male,Employed,7.4,8.5,4.6,0.2,7.5,6.0,3,6.6,6.1,9.3,9.0,5.1,66.0
29,Female,Student,6.9,4.5,5.0,0.8,8.2,6.5,2,3.8,4.6,5.1,5.3,5.7,57.9
58,Male,Student,6.7,5.6,6.5,0.3,5.5,4.3,0,8.3,2.6,4.5,4.9,3.8,54.5
52,Male,Student,5.2,6.4,7.1,7.8,4.5,4.6,2,5.8,3.6,2.6,3.6,5.8,66.5
27,Male,Student,6.1,7.6,4.8,0.7,5.2,8.9,3,5.6,4.5,4.7,4.7,7.3,65.2
43,Female,Student,6.5,8.1,4.1,0.2,6.1,4.7,1,7.4,7.2,5.5,,1.0,79.9
46,Female,Student,4.7,6.3,8.3,0.5,5.7,4.3,4,8.5,2.5,5.1,3.1,4.7,47.5
48,Male,Employed,6.8,1.7,1.8,5.9,9.0,5.9,0,7.3,7.1,5.7,0.8,2.2,61.6
22,Female,Employed,7.7,7.7,7.1,1.7,5.8,4.3,2,5.6,4.0,1.9,2.7,6.4,61.4
22,Female,Student,7.1,7.9,4.5,0.4,7.5,6.4,1,3.6,7.6,5.8,10.0,2.9,74.0
56,Male,Employed,3.7,9.4,2.0,1.7,2.4,7.7,2,8.1,4.8,7.4,3.3,3.2,61.2
40,Female,Employed,5.4,5.8,2.0,0.2,10.0,8.9,2,5.7,6.7,8.1,8.2,3.8,64.5
41,Female,Employed,6.3,9.1,0.0,5.1,0.0,4.9,1,4.1,7.3,2.5,4.5,5.3,50.9
29,Female,Employed,9.1,2.6,1.2,0.2,8.4,5.5,1,4.8,9.9,1.0,7.4,2.6,60.8
55,Male,Student,7.7,2.6,5.2,2.1,10.0,8.4,2,6.8,4.1,3.6,5.2,7.1,46.8
53,Female,Student,3.5,4.4,5.8,3.9,2.9,3.5,3,10.7,4.6,5.0,5.1,4.8,51.2
41,Other,Student,5.5,5.8,3.6,0.8,6.2,5.0,1,10.5,6.8,5.3,10.0,2.5,59.7
45,Female,Employed,7.1,6.7,4.5,0.6,6.5,6.0,2,4.2,4.6,6.0,6.6,7.7,55.7
56,Male,Employed,5.7,4.9,3.0,1.4,6.8,2.5,3,11.2,6.7,3.6,7.0,8.4,45.5
52,Male,Employed,7.1,5.8,6.0,5.7,6.4,4.8,1,7.3,5.8,2.2,8.7,5.3,69.2
33,Female,Student,5.4,7.4,4.7,7.0,7.1,4.0,6,9.7,8.8,5.7,5.2,2.2,65.6
37,Male,Student,6.2,,8.8,4.9,5.7,6.6,4,5.5,8.4,5.8,3.1,3.6,62.0
32,Male,Employed,5.8,3.6,3.0,0.8,3.0,8.0,2,7.6,3.8,2.6,,7.9,43.2
34,Male,Student,3.5,6.9,3.8,5.6,5.7,8.3,0,7.9,8.0,2.3,4.3,4.9,57.5
33,Male,Employed,6.0,4.6,2.3,1.6,5.0,4.5,0,3.7,6.3,3.0,8.5,2.3,61.5
42,Female,Student,5.9,1.0,5.0,0.3,5.8,8.4,4,9.0,6.5,6.6,5.5,8.2,31.7
58,Male,Student,6.7,6.8,8.1,0.1,7.4,5.6,3,6.9,3.5,6.1,5.0,6.2,60.6
37,Female,Employed,4.1,6.8,4.6,5.3,9.4,3.5,0,5.6,7.8,7.0,8.3,7.9,66.6
19,Other,Student,8.0,6.5,7.3,1.4,2.3,5.4,1,6.0,9.3,7.8,5.9,4.0,49.5
51,Female,Student,6.6,6.6,5.4,2.6,0.0,5.6,1,4.0,7.2,9.0,5.4,7.0,33.5
24,Female,Unemployed,6.5,6.2,6.3,10.6,4.9,7.7,1,1.0,3.2,4.2,6.5,6.6,60.4
26,Male,Employed,5.0,6.3,7.5,1.2,3.3,7.3,0,7.9,4.2,8.2,5.4,4.8,44.0
56,Female,Student,6.2,1.9,5.1,1.6,7.7,6.9,4,10.4,7.9,4.6,4.8,4.6,52.8
43,Male,Student,5.5,5.7,7.0,3.1,5.3,7.1,2,5.5,2.9,3.4,10.0,8.1,40.0
45,Female,Employed,5.5,6.6,3.8,1.7,4.4,3.2,3,8.8,7.1,3.0,4.0,6.6,50.8
20,Male,Employed,6.0,9.2,6.6,7.2,1.8,7.0,2,7.2,3.9,2.8,8.8,6.2,69.2
57,Female,Employed,8.2,6.1,4.2,8.0,5.1,6.3,2,13.0,2.8,7.2,8.8,9.3,48.3
47,Female,Unemployed,7.8,10.0,8.0,3.8,5.0,3.5,1,3.7,3.7,1.6,3.5,2.9,82.1
33,Male,Employed,6.5,5.6,9.0,0.4,1.1,8.1,6,10.0,5.2,1.0,6.8,3.8,47.3
52,Male,Employed,7.3,8.0,9.3,5.6,4.3,4.2,4,2.4,5.9,1.9,8.1,5.9,61.8
35,Female,Employed,7.0,3.2,5.1,3.3,8.6,5.6,2,5.8,3.4,8.8,8.4,4.6,52.6
23,Female,Student,5.2,5.9,4.6,0.0,0.7,4.4,3,7.1,6.3,9.8,6.0,8.1,28.4
51,Male,Student,5.2,3.9,8.5,0.9,4.5,9.5,1,5.1,4.9,5.1,6.2,3.5,53.7
46,Male,Employed,4.6,6.2,7.9,11.9,3.3,4.9,0,9.6,6.6,4.3,4.9,3.6,52.5
56,Male,Employed,6.6,5.3,4.9,2.1,4.8,5.3,1,9.9,4.1,1.8,8.9,7.7,51.1
26,Female,Student,7.2,7.9,9.8,0.6,5.5,2.7,0,7.3,3.1,3.7,8.1,5.8,54.8
51,Female,Unemployed,4.3,4.7,10.9,0.5,5.8,7.4,6,0.4,5.3,8.4,6.1,3.4,34.7
47,Male,Unemployed,5.1,8.5,7.9,2.2,6.3,6.7,2,1.4,7.3,8.0,0.4,2.0,55.2
22,Male,Employed,7.6,8.2,3.5,5.7,6.8,5.8,1,7.0,8.7,1.1,7.4,5.6,81.4
53,Male,Student,6.2,6.1,9.1,0.7,8.6,3.2,2,6.5,4.3,3.5,5.5,5.3,59.1
37,Female,Employed,8.4,4.2,6.0,3.7,6.2,7.1,2,9.5,8.2,4.2,5.6,4.6,65.7
56,Female,Employed,7.0,7.2,6.1,2.3,5.1,5.5,2,9.7,3.5,7.9,9.2,3.3,62.2
56,Other,Employed,7.7,6.1,4.2,4.5,3.4,5.6,1,9.8,3.2,10.0,8.5,3.6,61.4
33,Male,Student,3.6,5.5,7.6,3.9,0.8,10.0,4,9.0,7.9,5.4,8.0,5.2,40.3
44,Male,Student,7.5,4.5,7.9,3.5,8.2,7.1,3,7.2,8.2,6.2,10.0,7.2,54.2
54,Female,Student,8.0,10.0,6.4,6.0,4.1,7.7,4,4.1,5.0,1.0,5.8,2.7,82.0
26,Female,Employed,4.6,2.5,4.7,3.7,8.0,8.9,2,8.4,5.0,7.7,9.0,3.6,65.3
24,Female,Student,9.2,4.3,8.7,1.5,3.0,6.5,1,7.9,7.1,3.0,8.6,3.5,51.1
48,Female,Employed,8.3,5.9,6.7,0.6,0.3,6.3,4,12.7,9.0,7.8,7.7,3.8,41.2
26,Female,Unemployed,5.8,5.3,2.3,0.4,6.0,7.1,1,0.0,5.4,5.3,5.0,1.0,61.8
46,Female,Employed,5.1,10.0,5.5,6.7,7.2,3.8,2,7.7,6.7,9.6,1.2,4.9,54.3
39,Male,Student,6.6,3.0,1.6,3.4,3.3,7.9,4,6.6,4.1,7.1,8.8,9.0,34.5
37,Female,Employed,6.1,2.8,4.5,0.3,5.4,4.6,2,4.6,6.9,5.4,10.0,9.2,26.4
20,Female,Employed,4.9,4.4,7.6,0.5,6.2,1.1,2,10.0,3.6,5.6,4.3,5.0,34.1
49,Other,Unemployed,4.5,6.0,5.3,0.8,1.8,7.7,5,0.7,7.7,1.1,5.4,6.5,38.8
58,Female,Employed,7.6,6.5,5.0,0.7,4.0,6.5,4,11.4,8.1,8.2,4.3,2.0,51.8
56,Male,Student,3.6,6.4,4.1,6.7,7.1,4.7,1,7.8,3.5,8.4,5.5,6.5,42.1
33,Male,Student,9.9,5.7,6.8,0.8,6.0,7.5,3,4.9,5.3,9.4,7.0,3.6,54.2
23,Male,Student,4.6,5.7,5.8,0.6,6.8,7.1,2,10.9,6.9,6.8,,7.5,32.3
35,Female,Student,4.9,3.5,12.4,0.1,3.3,4.4,2,2.9,4.7,8.2,5.2,6.9,29.4
33,Female,Unemployed,7.1,4.7,3.5,,8.3,7.9,3,0.9,6.0,9.2,6.0,5.4,65.6
25,Female,Employed,11.0,4.1,3.7,2.2,4.9,7.8,2,5.8,6.5,4.5,3.1,2.6,63.5
40,Female,Student,6.9,6.1,4.0,2.5,2.7,2.1,3,6.2,5.9,5.5,7.3,1.4,49.1
49,Male,Student,5.0,7.3,5.8,1.0,3.5,2.4,0,9.2,3.8,4.0,5.6,6.8,46.7
42,Female,Student,6.6,5.5,5.2,2.3,6.7,6.5,4,4.6,7.4,6.1,8.1,4.7,51.3
30,Male,Employed,7.0,4.9,5.6,2.8,4.3,4.8,2,7.8,8.5,1.3,10.0,5.8,58.9
50,Male,Student,5.4,7.7,6.6,0.1,7.0,8.7,1,7.5,6.9,2.8,7.7,3.3,79.1
25,Female,Employed,7.1,5.0,8.8,1.6,5.1,9.9,1,8.9,7.9,8.6,,4.5,57.2
58,Female,Unemployed,5.4,6.4,5.9,2.1,5.6,5.2,3,1.7,6.2,5.6,1.8,6.3,39.1
18,Female,Employed,8.2,7.7,7.5,3.3,3.6,6.2,1,10.4,10.0,4.4,9.8,7.0,63.6
26,Female,Student,4.3,4.7,3.7,0.5,3.4,4.6,2,8.6,4.8,1.7,7.6,6.0,43.0
32,Female,Student,9.5,5.2,1.8,1.2,9.2,4.2,3,5.5,4.4,8.7,10.0,3.1,72.6
31,Female,Student,4.2,5.9,3.8,0.3,5.5,1.6,3,6.6,7.0,5.1,5.9,5.0,31.9
21,Male,Student,7.5,4.4,4.4,5.0,2.0,5.1,2,4.6,4.8,4.5,8.0,7.1,60.3
25,Male,Employed,4.1,3.8,4.1,1.2,8.6,6.3,1,11.7,9.2,5.5,8.0,4.5,55.0
40,Female,Student,7.6,5.4,3.4,0.7,4.9,5.3,2,7.7,6.0,3.4,10.0,7.3,55.7
54,Male,Employed,7.0,6.3,3.8,2.7,5.2,4.3,0,8.2,6.6,1.0,7.6,2.4,65.3
33,Female,Employed,9.2,7.3,4.8,0.2,8.4,6.7,2,6.6,3.8,8.9,8.8,8.1,66.2
24,Male,Employed,6.6,7.4,6.5,0.8,5.1,8.9,1,3.4,9.3,9.9,,6.1,46.4
53,Female,Employed,5.3,5.9,3.2,0.4,1.1,7.2,1,6.1,7.3,1.0,5.8,3.3,52.1
53,Female,Employed,6.0,3.8,5.9,3.5,3.1,9.3,2,4.6,8.2,6.8,6.2,5.7,34.9
40,Female,Employed,7.2,4.3,6.3,8.1,9.8,3.4,0,2.8,3.8,4.8,7.9,2.4,77.2
42,Male,Student,4.6,4.0,4.9,1.0,1.2,9.4,3,10.0,6.5,2.8,6.9,4.4,37.5
46,Female,Student,3.1,3.6,7.6,1.0,5.1,6.6,4,8.3,5.4,5.2,4.6,4.6,44.1
39,Male,Student,6.4,4.2,6.6,,4.1,5.5,1,3.3,6.4,5.1,4.6,1.2,48.5
52,Male,Student,6.7,6.3,4.3,1.0,9.3,5.8,4,7.2,10.0,1.0,9.0,8.1,58.5
42,Male,Student,6.0,7.9,6.0,8.2,4.7,6.1,4,13.7,7.8,1.0,5.6,3.8,74.9
41,Male,Employed,7.5,5.0,6.1,1.2,7.7,5.4,3,7.8,2.9,5.0,2.8,3.0,63.0
32,Male,Student,8.2,9.6,0.8,4.2,3.2,7.6,1,7.1,7.8,5.8,2.5,7.0,63.2
23,Female,Student,6.4,7.5,4.6,2.8,4.9,7.6,4,9.0,5.5,7.7,5.0,5.4,50.2
43,Female,Student,7.9,8.6,9.8,1.4,6.5,8.7,3,3.6,5.6,3.7,7.8,4.8,69.3
52,Female,Employed,6.8,,8.6,0.5,5.6,7.0,2,11.7,7.0,4.9,8.9,3.7,74.5
43,Other,Student,5.7,6.7,4.5,2.8,10.0,8.5,4,7.0,6.2,2.3,4.5,7.9,61.2
27,Female,Student,7.3,4.3,13.3,1.7,6.3,6.6,3,6.7,6.4,7.2,5.0,6.7,24.8
22,Male,Student,4.8,6.0,6.8,3.2,3.5,6.2,4,7.0,4.1,2.6,4.1,7.8,37.4
24,Male,Student,4.7,7.1,5.1,0.0,3.3,8.6,0,10.3,5.5,4.1,6.0,4.3,66.6
26,Male,Student,6.1,5.6,7.7,1.9,4.3,4.0,2,4.4,4.3,3.0,8.7,3.4,61.8
59,Female,Employed,5.2,4.2,8.1,1.8,6.4,8.0,2,4.9,6.0,1.0,8.5,3.0,55.8
38,Female,Student,5.7,3.6,4.7,1.6,0.1,5.5,0,8.2,2.8,6.0,4.2,8.3,24.4
51,Male,Unemployed,5.7,,9.9,4.5,7.1,6.6,5,0.4,4.7,7.5,6.9,6.0,53.3
36,Female,Employed,6.1,4.2,8.0,2.9,8.0,3.4,1,6.5,6.3,2.5,9.9,5.0,56.1
37,Female,Unemployed,11.0,6.2,8.3,0.7,5.6,8.9,1,1.9,5.7,2.4,2.8,4.5,54.6
20,Male,Student,6.3,6.2,7.1,0.6,1.3,5.1,2,7.7,8.7,5.4,0.0,7.8,23.1
27,Male,Employed,7.4,8.1,4.1,1.6,8.8,3.2,0,7.2,8.3,9.0,4.5,5.8,60.2
59,Male,Student,3.8,8.3,6.3,0.9,2.7,9.8,1,6.1,9.9,7.7,8.0,7.7,43.4
59,Male,Student,5.8,5.7,4.0,2.6,5.7,5.9,2,11.1,5.8,7.2,5.2,4.0,45.0
36,Female,Student,5.8,5.8,1.2,0.5,3.6,10.0,0,4.1,3.3,7.6,6.0,6.0,60.8
19,Female,Student,6.8,7.9,2.3,1.0,6.7,5.9,0,5.2,6.2,5.7,3.9,5.0,55.2
56,Male,Student,5.3,7.7,7.9,0.2,3.1,4.3,3,7.8,7.9,4.1,8.5,6.0,60.3
33,Female,Employed,5.8,5.4,5.1,5.3,4.5,8.6,3,7.5,5.1,3.4,10.0,3.9,64.9
35,Female,Student,9.5,5.3,7.2,4.5,8.5,7.5,1,5.8,5.7,9.9,2.1,7.1,62.5
29,Male,Employed,6.3,6.5,4.7,3.6,4.0,6.2,1,8.8,7.5,8.5,5.9,5.5,46.8
25,Female,Employed,5.2,7.3,6.2,3.4,6.8,4.1,3,12.8,9.4,3.5,6.8,5.9,45.0
34,Male,Employed,5.4,7.0,3.0,3.1,6.7,4.9,0,11.5,6.5,2.7,6.3,5.1,61.0
52,Female,Student,8.6,5.2,8.1,8.3,6.2,3.7,3,5.3,7.2,8.2,10.0,7.0,51.5
37,Male,Employed,7.5,3.8,2.8,1.4,3.5,6.1,2,6.1,6.4,1.8,8.9,9.8,43.5
31,Female,Employed,5.9,6.9,6.1,0.6,0.1,7.6,3,6.6,7.8,8.7,5.4,4.4,47.2
37,Female,Employed,8.8,4.4,9.9,6.7,2.9,4.3,3,3.2,10.0,1.0,7.7,8.9,45.9
20,Male,Student,2.6,4.9,7.3,3.5,4.8,3.1,1,4.5,6.2,4.1,5.6,7.1,40.7
23,Female,Employed,4.8,2.3,8.0,0.1,2.8,6.1,0,8.8,8.2,6.7,6.9,3.5,32.4
51,Male,Student,6.5,7.2,24.594016927270616,1.2,4.8,5.2,6,8.0,5.2,4.5,8.8,5.2,61.0
45,Female,Employed,7.5,4.6,6.2,1.5,7.7,9.0,4,3.7,4.1,3.4,6.1,6.0,51.4
20,Male,Student,7.3,6.7,7.2,3.3,9.6,5.6,4,4.8,6.6,8.8,4.7,4.2,63.2
46,Female,Student,6.6,6.1,9.4,0.8,9.4,7.4,4,9.1,3.7,4.7,,5.4,54.8
46,Female,Employed,6.6,6.1,6.3,4.7,10.0,2.6,2,4.2,4.6,7.3,6.3,6.5,58.3
53,Female,Unemployed,5.9,7.5,1.0,2.1,5.7,8.6,1,1.0,6.5,2.5,10.0,3.8,76.1
42,Female,Student,7.1,6.0,5.0,5.6,4.4,7.1,2,4.6,5.6,6.7,8.5,9.6,48.5
26,Female,Employed,5.5,7.8,7.3,0.5,4.7,5.6,3,4.7,5.4,8.4,6.8,2.8,51.4
46,Female,Employed,3.4,5.9,9.6,3.8,4.6,4.8,0,6.0,8.6,5.2,2.1,5.2,35.4
19,Male,Employed,7.4,8.4,4.9,4.9,3.9,10.0,0,6.4,6.6,3.4,6.0,8.0,63.1
18,Male,Employed,5.6,7.8,4.1,7.3,4.7,6.9,2,9.2,7.1,3.1,4.7,3.2,70.2
29,Other,Employed,6.3,7.0,4.6,0.1,4.1,4.5,0,8.9,5.9,6.8,7.0,4.9,52.2
35,Female,Employed,4.6,5.0,7.2,0.6,7.0,4.3,1,7.1,4.4,1.0,6.8,5.6,57.3
47,Female,Employed,6.3,6.8,2.0,2.1,7.7,2.5,2,6.8,7.4,5.6,5.9,5.3,65.5
36,Male,Student,7.1,6.6,6.8,0.5,3.7,7.7,5,9.1,6.4,1.2,8.2,4.0,58.1
34,Male,Student,6.5,5.3,5.1,3.2,8.4,7.0,0,7.2,10.0,7.9,6.6,5.8,54.2
32,Other,Employed,7.6,,2.9,3.1,3.3,5.0,2,9.4,4.1,2.3,6.6,8.2,68.1
50,Male,Employed,8.9,5.3,5.0,3.2,7.3,6.5,2,8.3,6.3,8.0,,4.6,56.8
29,Female,Employed,5.1,6.5,9.4,14.0,7.7,4.2,7,4.3,6.2,8.2,5.0,9.3,43.4
56,Female,Student,7.7,7.6,2.5,1.2,1.9,6.3,2,4.5,6.9,3.5,6.8,6.0,58.9
39,Female,Student,7.5,7.9,8.3,0.5,3.2,6.0,6,9.6,9.5,9.7,5.1,7.9,30.3
37,Female,Employed,7.3,6.7,6.9,1.9,7.3,9.2,1,2.6,4.9,2.8,8.2,7.9,67.4
36,Male,Employed,7.6,6.7,4.2,,5.5,5.5,5,8.5,4.8,7.7,8.6,4.7,66.2
42,Male,Employed,6.0,7.5,8.6,1.7,5.8,5.2,4,6.0,8.3,10.0,9.8,3.0,62.1
26,Female,Employed,8.0,5.2,5.0,6.8,4.5,5.7,2,9.9,7.2,5.2,8.3,4.8,59.8
33,Female,Student,4.5,8.7,5.2,,6.2,6.5,2,10.8,6.1,5.0,6.2,8.3,54.3
39,Female,Student,5.8,6.2,5.0,3.6,4.3,1.9,1,7.6,5.7,7.7,5.5,2.6,46.7
34,Male,Employed,4.4,2.9,6.3,6.7,5.4,6.2,4,7.0,9.1,5.6,9.6,5.8,37.1
59,Female,Employed,7.3,6.8,6.7,,8.8,9.0,3,5.6,6.2,5.2,5.4,3.3,70.4
40,Female,Employed,8.4,6.3,4.8,7.1,4.8,3.6,1,3.8,7.8,4.4,8.8,3.2,70.2
21,Male,Employed,6.8,4.4,5.0,4.7,5.0,10.0,5,9.0,6.6,7.1,6.9,2.5,66.1
33,Female,Unemployed,5.9,7.5,5.8,0.2,4.2,7.0,4,1.2,1.4,3.1,9.8,10.0,59.4
50,Female,Student,7.8,5.5,8.2,2.4,4.3,5.0,3,9.6,5.2,3.2,5.6,3.6,57.1
52,Male,Employed,7.9,5.0,6.9,2.9,3.4,3.9,0,10.6,5.8,4.4,6.7,8.3,35.9
23,Male,Student,8.0,5.4,9.1,4.2,4.7,5.3,2,5.5,7.0,4.7,3.6,5.6,50.1
22,Female,Employed,3.3,5.9,9.9,1.2,7.0,5.4,0,8.8,4.6,10.0,7.5,1.7,57.2
24,Male,Student,6.8,7.4,9.2,0.9,3.3,3.6,5,5.2,6.1,7.0,8.0,7.0,47.8
31,Female,Employed,7.5,4.8,24.944000493074558,6.3,6.1,6.6,1,14.0,7.7,7.5,8.6,6.9,50.0
57,Male,Student,3.5,7.2,5.9,2.5,10.0,6.5,1,7.7,6.8,4.3,9.1,7.2,59.3
43,Female,Employed,6.0,7.3,4.2,1.8,6.0,7.3,0,8.1,5.5,7.2,,2.8,74.2
43,Other,Student,6.6,5.1,5.4,0.9,7.9,4.3,1,8.5,5.4,3.5,3.8,10.0,32.2
38,Male,Employed,8.4,,1.5,1.3,6.2,8.0,3,3.6,5.4,5.7,5.9,10.0,45.5
39,Female,Employed,5.8,7.2,6.6,3.3,5.9,1.7,3,9.6,7.9,3.6,6.1,5.3,51.0
58,Female,Employed,7.6,3.8,10.0,7.3,3.4,5.6,0,10.2,1.0,5.9,6.6,5.8,54.7
43,Female,Employed,6.7,5.2,8.9,6.8,7.0,8.9,3,6.8,9.8,5.3,8.2,1.5,71.0
56,Male,Employed,5.7,4.9,3.0,1.4,6.8,2.5,3,11.2,6.7,3.6,7.0,8.4,45.5
44,Male,Student,8.1,3.9,5.2,2.8,2.3,8.5,2,12.3,4.3,4.5,6.8,3.9,59.4
21,Other,Student,5.9,4.5,5.7,0.7,8.1,8.7,3,5.6,7.6,4.6,10.0,3.3,69.5
31,Male,Employed,7.9,4.4,8.5,1.3,2.8,6.7,1,5.8,7.2,3.4,5.8,7.4,46.4
50,Male,Student,6.3,5.9,7.3,1.0,10.0,,1,6.8,5.5,1.0,8.2,3.9,71.7
30,Male,Student,6.2,4.5,8.7,4.0,7.2,6.6,1,6.0,10.0,5.3,6.5,4.9,61.7
58,Male,Employed,5.4,3.9,4.5,7.0,2.0,7.4,1,7.1,3.6,1.0,8.5,5.5,58.8
42,Female,Student,6.0,4.0,4.1,14.0,4.0,10.0,3,5.6,5.7,4.9,9.3,5.4,58.2
50,Other,Employed,6.5,5.0,5.4,0.3,7.5,,0,7.7,6.5,4.8,10.0,8.3,46.3
54,Male,Employed,6.5,7.7,6.4,5.1,7.0,4.3,2,9.9,6.2,5.7,6.9,9.1,55.0
30,Male,Employed,5.3,6.0,6.4,0.3,3.7,6.1,2,9.8,4.8,6.9,3.3,4.6,35.1
44,Male,Employed,6.4,,4.9,0.8,4.6,5.2,0,7.8,5.7,5.9,10.0,6.5,56.8
27,Other,Employed,7.7,5.3,2.9,1.1,5.9,,1,9.3,6.5,8.7,5.8,4.3,44.4
45,Female,Student,6.9,9.9,5.2,1.3,5.3,3.5,1,11.3,5.5,5.4,4.0,4.4,72.2
48,Female,Employed,5.3,5.8,10.9,0.8,5.0,6.5,0,4.5,3.6,3.6,6.5,1.3,66.9
23,Male,Student,7.4,5.5,7.6,1.5,5.5,4.0,0,5.1,6.6,9.8,5.5,5.0,49.2
46,Male,Employed,7.1,4.1,8.1,0.2,5.7,3.1,2,10.5,5.0,4.1,,9.5,32.7
57,Male,Student,8.4,6.3,10.5,0.4,0.1,7.0,4,8.1,5.5,7.3,10.0,6.4,38.3
53,Male,Employed,7.3,5.4,20.163675835023696,0.1,7.4,6.6,5,5.7,7.0,4.1,9.1,9.5,46.2
34,Female,Unemployed,7.0,10.0,6.3,1.9,6.9,3.1,3,0.8,3.1,3.4,5.4,6.7,64.0
29,Female,Employed,6.7,4.5,8.1,4.8,5.5,3.8,1,6.2,5.0,3.2,3.1,5.6,45.3
44,Male,Student,7.0,7.9,11.3,4.4,4.3,5.2,3,12.9,3.0,3.8,6.1,5.6,69.8
34,Male,Student,7.5,8.6,7.7,5.5,7.7,7.5,3,8.7,6.2,6.9,,3.9,62.5
47,Female,Employed,6.5,5.8,3.1,10.2,8.1,3.1,3,5.7,3.8,7.9,7.4,4.3,63.5
46,Female,Employed,8.6,,5.5,1.1,3.9,9.4,3,3.2,7.0,7.0,10.0,10.0,62.9
27,Female,Student,6.9,6.0,5.9,3.4,5.4,4.1,1,7.6,6.2,9.0,6.3,10.0,32.3
41,Female,Employed,9.0,1.5,1.8,1.8,5.8,6.1,1,7.8,7.0,1.8,8.0,7.4,51.2
40,Male,Student,6.8,8.3,5.1,2.2,5.5,7.9,2,9.2,7.1,2.5,9.7,3.6,76.4
57,Male,Student,6.6,6.2,6.1,3.7,3.8,5.8,2,9.8,6.4,7.4,7.9,8.1,49.7
23,Male,Employed,7.4,5.9,3.7,0.5,5.7,9.6,1,8.1,3.8,7.2,10.0,2.4,73.2
49,Male,Unemployed,7.5,9.3,6.2,2.4,4.5,2.2,0,3.5,7.2,9.3,3.6,1.2,59.9
50,Female,Student,4.7,5.5,7.2,0.4,9.4,8.7,5,6.6,5.5,10.0,6.2,4.4,56.4
24,Male,Student,4.1,10.0,4.2,2.5,2.9,7.6,1,4.3,6.1,2.2,6.5,6.1,59.1
30,Male,Employed,5.7,5.4,5.9,3.3,0.5,7.7,2,6.0,4.7,1.0,7.9,3.6,53.7
18,Female,Employed,5.2,7.9,8.5,3.5,5.9,6.3,2,4.4,4.7,2.8,8.5,5.8,72.1
45,Female,Student,7.0,3.8,6.0,1.7,7.0,6.7,3,7.3,8.2,8.7,10.0,4.2,48.6
36,Male,Student,7.3,,6.3,1.3,5.4,6.7,4,6.2,4.7,1.2,5.9,4.0,79.3
30,Male,Employed,6.1,6.2,1.8,2.8,5.3,4.3,3,7.3,6.1,7.6,2.2,8.2,38.7
58,Male,Employed,8.1,10.0,5.8,2.6,2.3,1.1,2,12.0,6.4,4.1,,3.9,66.0
45,Male,Student,3.0,7.3,5.8,0.1,3.8,3.2,2,7.0,5.9,2.3,7.4,5.9,51.8
40,Male,Unemployed,2.6,6.9,3.5,2.0,5.9,8.2,1,0.0,4.0,6.0,5.9,4.5,49.8
26,Female,Employed,6.6,3.9,5.9,4.6,6.0,3.9,4,7.7,8.2,4.7,6.5,4.7,45.2
34,Female,Student,3.9,4.9,6.0,1.9,3.0,5.4,1,6.5,7.2,1.0,6.5,4.5,53.0
49,Male,Unemployed,6.0,8.3,10.2,1.3,6.5,6.2,0,0.5,7.1,2.9,7.2,6.9,52.1
24,Male,Unemployed,8.0,5.3,6.8,1.9,6.7,5.3,2,0.7,9.3,8.7,2.7,6.9,36.9
25,Female,Employed,5.5,6.1,7.6,2.7,7.6,7.9,1,7.3,5.3,7.7,5.5,4.1,56.8
52,Other,Employed,4.4,6.5,5.5,3.1,5.2,6.9,1,9.6,5.8,5.6,6.3,3.3,65.9
28,Male,Student,7.0,7.5,8.0,3.2,4.5,9.5,1,7.7,4.1,5.4,4.5,1.7,72.3
37,Female,Employed,6.2,7.4,8.6,1.6,4.3,3.6,3,8.2,5.8,4.6,8.3,4.2,53.2
28,Male,Employed,2.9,8.6,4.8,2.5,1.0,5.6,0,8.8,4.8,7.2,9.3,7.7,37.9
42,Female,Student,10.0,5.0,5.1,0.7,5.8,5.7,5,6.5,4.0,4.7,3.4,1.7,72.4
18,Male,Employed,5.7,5.1,4.4,0.0,4.7,3.4,1,4.2,8.2,2.4,,6.0,42.3
47,Male,Employed,5.5,5.1,5.8,0.3,3.9,7.6,3,7.7,7.4,6.0,5.3,4.5,53.7
38,Female,Student,7.5,6.2,5.6,0.5,5.7,2.6,3,2.9,6.7,7.7,3.0,2.5,50.7
38,Male,Student,7.5,6.1,8.6,2.2,7.3,8.6,1,7.0,5.2,6.3,6.7,4.8,68.2
36,Female,Employed,4.7,8.3,3.0,3.7,6.2,5.4,1,10.1,7.3,6.7,10.0,8.5,59.6
48,Female,Employed,5.2,3.0,7.6,0.4,6.9,4.9,2,4.9,4.9,1.1,4.5,4.5,47.7
42,Male,Employed,6.7,5.1,2.8,0.9,2.5,7.2,1,5.6,6.5,6.3,6.3,3.0,49.8
31,Female,Employed,7.6,4.4,5.8,1.5,4.8,6.7,2,6.6,6.1,6.0,4.4,7.5,38.1
40,Female,Employed,6.5,2.5,4.7,0.1,2.7,6.2,3,8.1,8.6,5.1,4.0,1.0,46.9
35,Female,Unemployed,6.5,8.1,7.3,2.3,2.9,6.8,1,1.0,7.1,7.4,4.8,2.0,60.5
58,Female,Employed,7.2,7.9,3.4,0.5,4.3,6.5,2,5.4,5.6,5.7,7.2,7.5,48.4
30,Female,Student,5.7,5.3,3.9,6.2,7.2,7.6,5,4.9,4.0,7.1,6.7,5.3,65.0
53,Female,Student,7.8,4.9,7.4,1.0,8.5,2.5,2,3.8,4.8,6.0,6.7,5.4,48.2
19,Female,Unemployed,5.9,3.7,5.0,4.0,9.8,6.7,2,1.3,6.3,7.7,6.4,5.8,58.5
35,Female,Employed,5.6,7.6,7.0,4.5,8.4,4.3,2,5.4,4.4,4.6,6.7,8.1,47.5
31,Male,Employed,7.9,8.5,0.9,0.9,5.3,8.5,3,9.4,3.2,3.1,6.9,6.2,77.4
30,Female,Student,3.8,4.5,8.9,0.4,6.7,4.0,1,7.4,5.1,1.7,6.5,5.1,53.9
20,Male,Employed,4.4,6.1,4.6,0.7,8.5,5.4,3,7.6,7.1,7.9,5.4,5.2,61.4
49,Male,Student,6.1,7.4,8.0,0.3,4.2,5.0,3,5.4,6.0,6.2,5.9,4.1,41.2
47,Female,Unemployed,7.1,1.7,3.6,2.0,4.0,7.1,2,0.0,5.2,3.2,9.7,7.3,50.7
19,Male,Employed,6.1,5.7,5.4,0.2,4.2,6.8,1,7.1,10.0,6.2,6.5,10.0,25.6
57,Male,Student,4.4,7.4,6.9,1.7,4.7,6.9,1,8.8,7.2,3.9,5.4,8.1,38.9
40,Male,Unemployed,2.6,6.9,3.5,2.0,5.9,8.2,1,0.0,4.0,6.0,5.9,4.5,49.8
19,Male,Student,3.9,3.5,6.2,3.9,6.2,6.1,0,7.8,7.0,6.1,8.5,6.6,46.9
31,Other,Unemployed,5.1,8.8,7.1,8.3,5.2,7.0,3,0.0,2.8,5.4,8.5,8.0,57.9
30,Male,Employed,6.6,7.5,2.7,0.9,6.1,2.0,3,7.1,5.6,3.6,6.7,6.4,50.6
20,Male,Employed,6.2,2.8,5.4,1.1,9.7,5.9,1,6.2,7.7,4.9,7.8,7.6,55.0
30,Female,Employed,5.9,5.0,8.8,0.6,7.2,6.3,2,6.7,3.5,8.0,6.1,3.1,47.6
55,Male,Student,5.6,8.0,10.4,1.4,8.4,8.6,2,9.0,3.4,2.3,8.0,1.0,81.9
42,Female,Employed,7.0,8.2,7.0,7.8,8.3,8.4,0,8.7,2.1,1.4,7.4,8.2,93.3
57,Female,Employed,6.8,6.4,7.9,0.2,4.9,6.7,1,5.0,6.2,6.2,9.3,3.1,56.8
52,Female,Employed,7.6,6.5,6.8,2.3,7.4,5.0,4,7.1,6.2,3.3,6.7,5.8,58.7
55,Male,Employed,5.9,3.4,8.7,8.8,2.3,4.4,1,6.3,5.6,5.3,4.2,5.3,40.6
30,Male,Unemployed,8.0,5.2,8.7,4.4,1.8,5.7,7,1.4,8.2,2.6,6.9,4.5,63.3
59,Male,Student,8.2,4.1,5.7,2.0,6.1,7.6,5,10.5,7.3,9.2,7.9,6.0,44.5
23,Male,Student,8.7,5.1,3.2,7.2,7.3,2.9,1,7.0,5.8,7.6,9.1,4.0,70.2
50,Other,Student,6.7,7.3,4.5,0.9,8.7,7.1,4,7.8,8.1,10.0,2.7,1.7,68.3
34,Male,Student,8.0,5.2,4.1,0.9,7.5,1.5,2,7.7,4.8,4.7,,7.2,65.4
52,Female,Student,6.4,9.7,4.6,0.6,4.9,4.1,2,10.3,4.0,2.9,6.4,7.6,57.7
37,Male,Employed,5.1,,5.9,,2.6,7.5,2,6.6,7.4,8.3,7.3,6.5,43.1
38,Male,Student,5.5,5.5,4.8,1.2,3.7,6.0,3,9.3,7.9,5.7,,4.6,45.8
35,Male,Student,6.4,2.7,6.2,0.7,4.3,5.3,1,10.1,3.9,7.2,5.3,5.7,35.8
46,Male,Student,5.9,6.6,5.5,2.8,2.9,5.3,1,10.0,6.5,5.8,2.6,6.3,38.2
45,Male,Student,6.1,6.5,6.0,0.5,4.8,5.5,3,6.5,6.1,3.4,,3.2,54.4
33,Female,Employed,9.7,5.3,1.7,1.3,9.4,7.7,5,10.1,3.7,3.6,7.6,2.6,82.0
39,Other,Student,7.8,5.7,4.0,0.2,1.4,5.0,2,9.3,4.7,6.2,4.6,3.2,45.1
40,Male,Employed,7.4,3.2,5.7,0.2,9.3,,1,10.6,6.0,7.2,8.1,5.8,54.9
53,Male,Employed,6.9,3.4,6.5,0.4,5.8,7.4,1,8.6,9.6,3.4,8.3,6.0,59.1
35,Female,Employed,5.6,5.2,5.4,1.6,7.8,7.0,0,6.8,4.4,9.0,8.8,7.4,45.6
51,Female,Student,4.1,8.2,6.1,0.7,3.2,3.4,1,8.0,4.4,8.0,3.8,5.1,45.9
20,Female,Student,6.8,3.8,2.1,14.0,6.3,7.2,1,7.6,9.4,4.5,5.2,8.6,51.2
55,Male,Employed,8.0,6.0,6.8,0.8,4.8,6.0,2,4.8,4.1,1.6,6.7,6.8,50.7
58,Male,Employed,4.5,9.4,7.4,3.6,6.7,6.6,0,8.8,10.0,7.9,10.0,5.4,57.6
22,Female,Student,4.6,6.4,8.0,0.6,6.5,7.0,0,11.0,2.6,4.9,6.6,7.3,53.9
42,Female,Student,8.4,,6.9,1.9,3.8,5.4,1,4.6,7.9,1.0,10.0,8.0,64.0
53,Female,Employed,6.5,4.7,3.9,2.3,5.0,5.7,1,8.0,8.4,9.6,3.3,5.3,38.3
45,Female,Student,4.0,5.6,7.1,,4.0,6.7,4,9.5,7.3,7.4,4.8,3.7,54.0
43,Female,Student,9.7,7.6,4.8,0.7,7.2,7.6,3,2.8,4.8,9.2,6.8,6.2,54.0
55,Male,Student,6.6,4.1,6.2,0.0,5.8,3.2,3,5.8,6.2,8.9,8.0,2.6,42.5
54,Male,Student,7.7,3.0,8.5,4.8,7.3,7.5,0,9.1,6.5,9.0,7.4,5.7,46.8
57,Female,Employed,7.5,6.2,7.7,1.2,8.0,5.5,2,4.5,4.9,7.1,5.3,4.3,49.4
37,Female,Student,9.2,8.1,6.5,1.6,6.9,6.9,4,9.3,7.5,7.6,7.3,8.0,47.8
48,Female,Unemployed,7.9,7.0,7.4,0.6,6.0,7.0,1,0.7,6.6,7.8,6.0,3.4,66.0
43,Female,Student,5.9,9.4,6.2,0.2,0.0,5.3,2,8.0,5.7,6.0,4.2,5.1,46.3
38,Male,Employed,6.3,3.4,7.3,0.5,5.0,4.1,2,6.8,4.0,6.6,5.0,6.3,31.7
18,Female,Student,8.6,3.5,5.2,2.8,7.5,4.9,1,6.0,3.0,5.2,4.6,4.2,58.8
40,Male,Student,5.8,3.0,5.2,0.4,5.9,8.6,1,5.7,6.5,7.2,2.3,1.7,53.0
56,Male,Student,8.0,5.1,8.2,,5.8,5.7,2,3.6,9.5,5.9,7.3,6.4,51.5
59,Male,Employed,4.6,4.0,2.8,2.2,4.4,,1,7.7,4.2,2.0,10.0,3.2,64.1
56,Male,Student,5.8,,7.0,5.4,1.3,5.2,4,5.9,6.2,4.6,7.1,6.0,53.8
42,Female,Employed,9.4,6.9,8.2,5.5,5.9,6.5,2,2.6,9.6,4.2,,7.9,60.0
44,Female,Student,5.1,5.3,5.7,4.3,6.2,7.3,6,3.8,8.2,3.0,7.1,6.6,57.3
57,Male,Student,6.5,7.9,5.4,4.2,7.0,4.8,2,6.2,3.4,3.7,9.3,5.5,70.4
55,Male,Employed,6.0,6.2,2.5,1.9,7.0,4.9,2,9.2,3.3,4.4,7.0,5.5,62.0
49,Female,Student,5.1,8.0,0.9,1.6,3.6,8.2,0,4.6,6.1,2.0,9.0,8.8,55.3
38,Male,Unemployed,4.8,4.3,3.1,3.4,8.5,6.6,2,3.1,6.6,4.7,5.2,9.7,27.5
43,Female,Employed,6.8,7.6,4.0,9.3,8.9,5.9,3,2.4,3.0,7.0,8.1,2.3,80.5
38,Male,Employed,5.7,4.1,6.8,1.4,7.8,6.1,1,4.9,9.8,4.1,9.6,8.8,46.8
19,Female,Student,5.2,5.3,5.0,2.4,6.0,4.2,0,8.7,7.8,3.8,3.0,3.9,43.0
29,Female,Employed,7.0,8.5,2.3,4.2,6.3,7.7,1,7.1,4.5,6.7,4.5,5.1,63.5
47,Female,Student,6.3,5.2,1.7,3.6,5.7,4.7,2,8.9,5.6,7.4,8.4,8.0,42.9
37,Female,Employed,4.6,6.1,6.1,1.6,3.8,9.1,3,9.0,10.0,7.6,8.3,7.3,48.2
32,Male,Student,5.9,4.9,2.7,3.9,5.1,1.6,3,7.9,4.2,4.3,8.2,4.7,58.6
37,Male,Student,4.0,6.1,8.0,,7.6,5.7,0,4.1,9.5,8.7,2.4,6.2,30.7
25,Male,Student,8.3,9.7,1.5,3.2,4.2,6.5,1,7.3,7.9,7.2,7.4,7.4,52.9
29,Female,Student,7.1,4.5,5.6,2.8,9.3,7.2,1,5.8,9.1,4.5,8.7,6.7,52.7
31,Male,Student,3.7,4.6,1.8,0.2,9.4,3.6,1,4.1,7.0,4.7,5.6,7.6,36.9
51,Male,Employed,7.4,3.0,5.6,5.3,0.0,5.6,1,6.9,4.0,5.3,4.4,6.9,41.4
50,Female,Employed,6.0,4.0,6.4,0.3,1.9,7.8,1,10.1,7.5,4.3,7.8,5.8,43.5
29,Male,Student,9.8,3.6,6.0,2.4,8.7,6.0,1,10.8,8.6,4.0,5.8,4.3,58.2
45,Female,Employed,4.0,8.6,3.4,1.9,8.8,10.0,2,5.8,6.0,6.8,10.0,7.0,63.1
54,Female,Student,6.0,,6.5,1.0,6.2,3.0,2,3.8,7.3,3.3,6.7,5.4,60.1
43,Male,Employed,8.9,5.8,5.7,1.8,5.1,4.4,1,8.4,2.0,2.7,4.4,5.6,58.4
27,Male,Student,6.0,5.5,6.7,1.2,8.4,3.7,2,9.2,8.2,5.8,6.5,7.7,45.2
43,Female,Unemployed,5.1,4.4,3.8,0.4,7.3,8.3,5,2.7,5.6,4.3,5.9,7.3,56.2
43,Male,Employed,6.4,3.5,7.1,1.0,7.5,,3,8.8,8.9,7.6,8.0,7.1,41.0
57,Male,Student,7.2,6.9,7.9,0.4,4.5,8.6,1,8.8,4.3,4.2,4.8,5.8,61.8
49,Female,Student,6.3,6.1,6.4,1.7,2.0,1.9,2,4.5,5.9,5.8,5.1,4.3,52.2
43,Female,Student,8.0,6.1,4.5,2.2,1.8,7.7,3,11.2,6.6,5.4,5.3,5.7,48.7
31,Other,Student,5.8,4.5,7.3,2.9,7.2,6.0,3,9.6,7.0,5.2,8.0,5.8,49.4
42,Male,Employed,4.7,1.2,5.2,2.0,9.5,4.1,2,6.5,5.9,5.8,3.2,6.0,21.7
41,Female,Student,5.8,4.1,3.0,1.5,0.0,3.9,1,9.5,5.2,5.7,2.2,4.3,29.7
41,Male,Student,6.7,2.4,4.7,2.0,7.4,8.6,2,5.7,6.2,6.8,7.7,7.3,49.8
32,Female,Employed,7.0,4.0,3.5,0.2,5.7,6.4,4,9.2,7.0,4.6,3.8,3.9,51.9
25,Male,Employed,9.6,4.9,4.9,1.7,4.2,4.7,3,6.5,8.1,4.5,4.9,3.5,63.1
20,Female,Employed,7.4,5.3,8.8,3.9,3.5,6.0,1,10.2,2.6,7.4,6.9,2.7,57.8
24,Male,Employed,5.9,5.6,4.5,0.7,7.0,7.3,2,9.5,5.8,1.0,8.5,7.5,51.8
47,Female,Student,7.2,5.2,4.9,1.5,5.2,3.8,2,9.4,6.0,2.2,7.0,2.6,66.7
51,Female,Student,4.4,6.6,4.0,3.7,6.5,2.7,1,10.3,7.0,5.8,5.3,4.6,44.2
28,Female,Student,5.6,6.3,6.7,0.7,5.6,4.8,3,7.3,4.3,3.1,4.1,7.2,45.4
21,Female,Employed,7.4,5.6,4.6,7.1,4.5,5.4,5,9.0,6.6,4.2,4.9,9.2,39.8
28,Male,Employed,4.3,2.2,3.6,1.6,3.8,5.8,4,5.6,6.5,3.8,7.8,3.6,36.8
28,Male,Unemployed,7.1,6.0,4.7,0.4,8.4,5.5,3,0.8,2.8,1.2,2.3,6.5,60.7
41,Female,Employed,7.4,10.0,5.7,6.8,6.4,7.0,3,3.5,5.1,7.3,7.3,6.8,78.6
34,Male,Student,7.9,5.9,2.4,2.0,2.1,7.7,1,11.7,6.7,5.2,7.0,4.8,63.5
36,Female,Student,3.9,7.4,5.0,0.6,5.0,6.2,2,1.2,2.4,10.0,5.4,2.5,54.9
35,Female,Employed,8.8,6.0,6.7,1.7,0.7,8.4,2,4.2,4.3,9.8,6.7,5.8,39.2
21,Female,Student,4.8,7.4,3.9,1.7,5.3,7.7,5,10.1,8.7,5.3,7.9,5.2,61.9
34,Male,Student,6.9,3.5,7.2,0.5,5.1,2.3,3,4.0,5.4,1.9,7.5,8.0,32.9
53,Male,Employed,5.2,6.1,7.7,4.6,1.8,7.6,1,9.8,3.0,10.0,8.4,5.6,51.9
27,Female,Student,8.1,7.4,3.0,3.6,5.3,8.1,2,7.0,8.1,8.0,6.8,6.0,63.4
18,Male,Employed,5.3,4.2,2.0,0.0,6.2,10.0,2,2.6,9.0,2.0,6.6,3.3,60.8
37,Male,Student,4.9,,7.3,7.0,4.4,,0,5.3,3.6,5.7,5.9,6.1,55.7
40,Female,Employed,2.2,7.8,5.8,0.1,0.4,6.1,1,4.4,7.0,1.6,7.8,4.3,67.3
18,Female,Student,6.2,6.6,9.3,1.1,7.8,4.8,3,6.4,6.7,3.9,5.9,6.4,60.4
46,Male,Student,5.2,5.8,4.8,1.5,6.4,5.7,3,12.3,7.2,10.0,6.2,3.8,50.5
46,Male,Student,7.2,4.6,9.4,0.6,7.9,6.3,3,7.7,7.2,6.5,6.8,2.2,60.9
53,Female,Employed,8.3,8.9,3.4,4.3,8.9,7.0,1,9.9,9.5,7.7,3.4,7.7,64.2
36,Female,Student,4.1,7.0,5.3,4.2,2.7,2.7,1,9.7,4.7,5.0,3.8,8.4,45.9
20,Female,Employed,5.3,5.7,4.2,0.3,7.4,8.6,2,8.4,4.3,5.3,7.3,3.1,77.8
46,Female,Student,6.6,6.6,8.6,0.2,4.5,6.1,3,4.3,6.3,4.1,7.8,10.0,48.4
24,Male,Employed,8.3,,9.3,8.4,7.0,10.0,2,2.3,6.6,9.5,8.4,5.7,51.4
46,Male,Student,7.0,9.3,5.4,1.6,7.2,6.6,2,3.8,2.3,1.5,6.0,8.7,66.1
40,Male,Employed,5.5,2.9,5.8,0.2,3.9,2.7,1,7.9,7.5,5.1,5.1,2.6,36.6
20,Male,Student,7.0,5.7,5.9,0.7,8.1,7.3,1,8.0,5.9,4.8,1.8,5.9,35.9
21,Male,Student,6.6,9.5,3.4,5.6,1.4,2.7,6,5.8,9.2,2.9,0.9,4.3,58.9
58,Male,Unemployed,4.6,5.3,7.4,0.7,10.0,6.2,0,0.3,4.6,10.0,4.8,5.5,48.2
46,Male,Employed,4.9,6.5,3.0,1.5,7.6,5.2,1,5.0,5.7,4.7,8.3,3.4,68.8
54,Male,Student,9.7,5.6,6.3,2.9,1.1,5.4,1,7.2,8.9,6.4,3.9,3.9,50.2
38,Other,Employed,7.9,8.4,5.6,7.7,1.3,8.7,0,7.5,7.0,6.4,4.6,5.8,65.3
34,Male,Student,5.4,1.9,3.7,4.5,1.0,8.8,1,4.5,8.1,1.0,2.6,2.9,44.9
23,Female,Employed,6.9,,8.3,10.1,7.3,8.9,3,5.9,6.4,8.4,6.4,5.7,71.1
33,Male,Student,8.2,5.0,4.9,1.5,8.1,6.8,0,10.6,6.0,4.0,3.7,7.4,47.0
52,Female,Employed,4.3,4.0,2.0,6.2,2.2,1.1,2,7.8,5.0,5.4,4.6,5.4,29.4
19,Female,Student,4.1,6.0,4.0,0.2,2.7,7.9,3,8.6,6.8,8.4,5.3,6.4,42.2
52,Male,Employed,6.1,5.6,6.8,1.5,3.5,5.7,3,9.1,3.6,5.2,7.0,4.1,36.8
43,Female,Unemployed,7.7,5.5,6.8,0.3,6.5,7.5,7,0.0,5.9,3.1,8.9,5.4,63.0
57,Male,Student,7.5,3.7,5.9,2.1,8.5,3.3,3,5.1,5.6,2.1,7.1,6.0,54.2
58,Female,Student,6.9,4.7,6.6,6.1,4.4,4.6,2,8.1,7.0,5.1,10.0,8.3,47.9
54,Male,Employed,8.5,6.4,8.2,0.2,4.2,2.7,1,6.8,8.6,5.4,8.0,2.7,60.4
57,Male,Unemployed,8.7,5.4,5.6,1.7,6.9,9.5,2,0.1,3.9,6.9,6.8,6.8,55.1
29,Female,Employed,6.2,5.0,9.1,2.7,4.9,3.6,3,5.0,5.9,7.4,7.2,7.4,32.6
50,Male,Student,6.8,5.4,7.6,2.9,4.4,1.7,1,11.2,7.2,7.0,5.1,7.1,31.0
49,Male,Unemployed,7.6,3.4,6.0,11.3,0.7,3.9,7,1.0,8.4,6.8,5.7,2.9,33.0
18,Female,Student,7.0,4.8,4.5,3.5,6.0,8.1,2,8.6,6.6,5.5,9.1,4.4,65.8
42,Female,Employed,9.5,5.8,4.4,0.1,5.7,8.6,2,10.2,6.2,4.0,9.7,8.0,64.6
46,Male,Student,8.0,3.8,5.9,0.4,10.0,6.7,2,8.7,8.7,8.1,4.3,5.4,45.4
50,Female,Student,5.4,4.6,3.9,3.9,4.1,6.9,3,9.6,3.3,4.4,10.0,4.9,48.4
43,Male,Student,6.8,,7.6,0.7,4.2,5.0,2,8.7,5.3,4.0,10.0,7.9,73.4
24,Female,Employed,7.0,6.1,6.6,1.4,6.2,3.1,2,12.5,5.4,7.6,7.3,8.4,45.6
46,Male,Employed,6.7,8.4,4.4,1.8,7.4,5.8,1,9.4,8.0,2.5,9.0,7.0,67.2
56,Female,Student,7.0,5.1,7.3,0.3,5.5,4.5,3,4.2,7.2,6.9,5.0,2.5,52.2
50,Male,Student,4.2,7.3,10.5,8.4,2.0,5.3,0,7.3,6.9,6.5,6.7,4.8,57.2
48,Female,Student,7.2,,6.0,0.1,5.7,6.5,1,5.2,6.6,1.0,8.8,5.5,59.9
41,Female,Student,5.4,4.2,4.0,6.3,5.2,3.5,4,8.3,6.2,4.1,7.3,2.6,69.2
51,Female,Employed,7.6,7.7,7.2,1.0,3.6,9.5,1,6.3,5.4,3.2,8.3,5.7,60.9
42,Male,Employed,9.3,5.4,5.6,4.6,3.8,3.7,2,7.5,3.1,10.0,6.0,8.8,38.9
20,Female,Employed,7.0,4.0,8.5,0.6,6.0,6.2,4,5.9,5.9,5.3,5.6,7.8,39.2
41,Female,Employed,7.1,6.9,6.4,4.5,4.6,3.7,0,8.1,3.3,4.9,4.3,7.0,64.4
45,Male,Employed,5.2,5.9,4.0,0.9,5.7,3.8,3,11.9,5.0,10.0,7.2,4.4,49.0
36,Female,Unemployed,5.3,6.2,3.2,1.3,7.7,7.4,1,0.5,5.8,5.4,7.1,4.9,71.5
48,Male,Student,5.6,5.9,7.0,7.3,6.2,8.7,4,3.8,3.6,6.8,6.3,6.5,66.9
25,Female,Employed,7.3,4.2,8.2,0.9,7.3,8.1,5,3.2,1.9,6.6,8.3,3.1,63.0
48,Female,Student,8.6,6.0,6.9,6.8,6.4,3.9,3,6.9,2.8,4.0,7.4,1.0,89.8
57,Female,Student,5.5,7.6,4.6,,5.9,9.3,2,5.2,6.2,1.9,4.8,5.5,56.9
36,Female,Student,6.8,9.3,7.6,13.5,3.9,8.4,1,7.5,1.0,5.0,7.1,6.8,73.3
39,Female,Employed,7.2,6.4,4.3,0.4,6.1,,4,8.8,4.5,5.3,4.2,7.0,50.2
20,Female,Employed,4.6,7.0,6.3,3.1,6.6,5.7,4,7.6,8.1,4.6,4.7,5.0,64.9
53,Female,Student,7.0,4.9,2.9,1.1,5.7,9.2,2,12.2,6.3,3.3,6.8,2.5,64.5
48,Female,Employed,5.8,7.1,4.8,7.4,6.2,2.8,1,5.5,5.7,6.3,10.0,5.4,61.3
27,Male,Unemployed,4.6,4.1,5.0,1.4,2.9,4.4,2,0.0,4.7,1.5,1.7,1.0,45.7
42,Other,Employed,7.8,8.4,7.1,0.8,5.1,7.1,1,7.5,6.7,7.0,6.3,6.5,57.3
55,Female,Student,5.5,7.6,7.7,1.6,5.0,5.2,1,10.3,7.6,7.9,5.8,1.0,53.5
54,Female,Employed,4.4,5.5,6.8,0.8,5.5,6.7,2,7.8,7.9,4.5,4.1,4.9,49.9
26,Other,Student,6.7,3.8,0.9,1.0,5.0,5.6,1,5.5,4.9,4.7,8.1,6.5,44.1
25,Female,Student,5.3,5.2,6.9,2.3,5.2,2.4,1,3.4,8.4,4.6,8.8,5.4,34.7
50,Female,Employed,4.5,2.5,7.6,0.4,2.4,6.8,2,6.7,6.8,4.2,7.4,5.1,41.4
47,Female,Student,6.8,2.5,6.3,3.8,4.5,1.9,3,6.3,4.9,4.8,6.0,5.5,49.1
33,Female,Unemployed,4.6,7.9,9.4,1.7,4.0,3.1,4,0.3,7.2,5.6,4.7,4.8,35.6
28,Male,Student,5.9,9.8,7.5,1.2,8.2,6.4,1,4.9,5.7,3.3,0.7,6.8,57.6
30,Female,Student,6.9,7.4,5.1,2.4,7.8,10.0,2,10.9,4.2,7.1,7.1,7.1,66.7
32,Female,Student,5.0,2.0,6.9,1.6,6.7,3.3,1,8.8,5.4,5.9,4.7,6.7,36.5
42,Female,Student,8.6,10.0,9.8,0.0,6.0,7.8,2,12.0,3.8,7.4,10.0,1.0,77.2
47,Female,Student,5.6,6.8,6.1,0.5,6.8,8.5,2,7.5,5.7,8.5,8.0,6.0,53.3
44,Male,Employed,8.3,4.7,5.2,1.9,7.7,5.3,0,6.8,7.0,9.6,5.3,6.2,56.8
49,Male,Student,8.1,5.5,4.9,2.6,5.0,2.5,1,9.7,3.9,8.2,10.0,10.0,27.1
28,Male,Student,4.9,2.0,6.6,2.1,1.5,1.0,2,7.9,5.1,6.0,6.3,5.2,27.7
47,Female,Student,5.8,,7.5,0.4,1.3,9.8,0,8.8,3.6,1.5,5.7,10.0,49.9
24,Male,Employed,6.1,3.7,9.6,1.1,1.7,5.1,2,4.2,7.6,9.4,8.8,2.5,41.5
58,Female,Employed,5.5,3.2,4.7,3.8,5.2,4.4,3,5.5,1.3,5.4,7.1,4.1,54.5
28,Male,Student,8.3,6.8,3.4,3.4,7.8,6.2,4,5.7,9.7,3.4,6.4,5.6,72.4
20,Male,Student,8.9,5.5,4.9,1.0,4.5,4.3,0,9.6,1.8,7.2,6.8,2.2,65.2
53,Female,Student,6.2,6.8,6.8,0.3,3.3,6.0,0,7.5,10.0,5.4,6.3,10.0,39.8
28,Male,Employed,6.1,7.5,3.7,0.3,6.0,3.9,3,10.0,6.4,3.1,6.1,4.7,58.8
53,Male,Student,7.3,9.0,4.4,1.5,9.0,8.9,7,10.8,9.9,7.5,4.7,7.9,62.9
48,Male,Student,5.3,5.1,8.8,2.0,1.9,8.3,2,5.6,7.7,9.0,6.7,5.3,37.6
24,Male,Student,4.0,6.6,4.8,,8.5,1.9,4,6.9,6.3,4.0,7.1,3.5,65.7
43,Male,Student,4.3,3.1,2.9,2.4,6.4,8.4,3,8.2,7.4,7.1,10.0,7.2,49.9
33,Male,Student,8.2,7.1,5.7,4.7,7.7,2.7,3,5.3,9.2,8.0,8.9,6.3,63.8
45,Male,Student,5.2,5.1,6.6,0.8,4.1,7.1,0,8.8,3.4,9.7,7.9,6.4,30.5
51,Female,Employed,6.0,4.2,4.9,3.9,5.9,5.2,1,5.4,6.2,1.0,5.2,4.6,55.8
37,Female,Student,7.2,8.0,4.2,0.0,6.3,7.7,2,8.3,6.0,2.8,6.8,6.4,59.7
21,Male,Employed,7.5,,1.9,1.0,6.3,3.1,2,8.4,8.3,5.6,8.7,2.6,68.1
42,Female,Student,6.1,7.2,7.2,1.9,7.8,5.7,0,2.0,7.3,8.8,7.7,3.9,52.0
27,Female,Student,8.5,6.3,3.4,0.1,4.2,6.3,3,4.6,4.2,1.5,6.6,3.5,69.3
46,Male,Student,4.3,3.2,5.2,6.2,5.6,6.3,2,9.1,6.9,5.3,7.3,5.1,52.0
18,Male,Employed,7.5,7.6,5.4,0.9,2.4,5.0,4,5.7,7.0,7.5,7.4,8.7,39.7
41,Male,Student,7.6,5.0,6.1,1.0,6.7,7.3,2,9.3,4.9,5.9,6.8,7.0,49.5
46,Female,Unemployed,5.9,6.3,2.3,2.5,8.8,7.6,1,0.3,6.8,4.7,3.2,5.5,59.0
48,Female,Employed,8.2,3.3,3.3,0.0,5.0,5.9,5,8.8,5.0,4.0,6.2,4.9,54.6
23,Male,Student,6.3,5.3,1.8,5.0,7.2,8.2,3,9.1,5.5,4.9,5.9,4.2,70.5
42,Male,Employed,5.5,6.4,5.5,,4.2,5.9,3,5.0,6.1,3.6,8.8,4.9,56.3
26,Female,Employed,7.6,6.0,3.0,1.6,5.3,2.7,1,15.1,3.9,1.4,10.0,1.3,68.1
37,Female,Student,4.6,2.5,4.4,1.0,1.7,5.7,1,8.0,6.9,6.0,2.1,6.9,15.8
53,Male,Employed,7.2,4.9,4.6,2.2,2.8,7.7,1,8.2,6.4,1.0,5.0,4.7,50.3
19,Male,Employed,4.7,,2.6,3.6,4.2,7.0,0,6.2,6.2,6.9,7.1,3.8,62.2
34,Male,Student,8.3,5.8,6.7,1.4,7.3,6.9,3,6.4,6.2,5.0,,6.7,52.4
22,Male,Employed,9.6,7.3,6.6,4.8,5.7,3.3,1,6.5,7.9,8.2,5.9,7.5,52.7
32,Female,Unemployed,8.1,1.0,3.4,1.7,4.1,4.9,1,1.9,2.5,4.4,10.0,6.0,46.8
54,Male,Student,6.1,2.9,3.9,0.9,7.5,5.2,3,8.0,7.9,7.1,5.4,7.2,31.0
38,Male,Unemployed,5.5,4.8,8.2,0.7,5.6,7.8,2,0.4,7.7,4.1,10.0,5.2,54.0
43,Male,Student,6.8,4.8,1.8,4.0,7.3,7.0,1,7.9,7.3,3.5,8.8,6.0,64.5
35,Female,Employed,5.0,5.6,6.7,0.2,8.4,8.9,1,7.5,7.3,7.5,7.5,7.4,45.8
34,Female,Student,5.9,7.2,3.2,2.2,4.6,6.0,2,4.8,3.0,4.5,6.2,2.6,71.6
54,Male,Student,4.4,5.6,0.6,1.8,3.5,8.4,2,4.8,10.0,3.9,6.5,6.7,51.2
21,Female,Student,8.4,7.5,5.8,0.4,6.0,5.7,2,7.1,4.2,3.2,5.0,3.2,60.9
29,Female,Employed,9.4,6.3,5.8,10.5,7.3,7.6,0,10.1,8.0,1.7,5.3,3.1,77.5
25,Female,Student,2.0,2.6,3.1,1.9,5.4,5.5,4,8.8,5.2,2.7,4.6,5.5,41.7
19,Male,Employed,7.3,9.6,7.5,0.5,10.0,4.9,0,7.0,7.3,5.1,6.5,9.8,58.0
54,Male,Student,3.5,6.9,5.3,2.8,6.4,3.4,5,4.8,9.5,9.2,6.3,3.3,52.5
22,Female,Employed,3.9,7.7,4.7,0.8,2.0,5.3,2,7.9,3.9,7.4,6.3,5.1,52.2
29,Male,Employed,5.1,5.1,5.8,7.0,5.2,5.4,2,6.6,4.9,5.8,9.7,1.9,60.3
24,Male,Student,2.0,7.0,5.9,4.8,7.3,4.5,2,8.5,6.4,5.6,2.7,2.0,61.9
34,Male,Student,6.2,8.3,7.2,2.1,5.0,2.4,4,8.8,7.1,5.3,8.1,3.6,56.3
36,Male,Employed,5.8,8.9,5.0,0.4,7.0,5.4,3,8.2,4.8,5.5,4.9,6.3,61.4
45,Female,Employed,5.8,5.7,6.0,1.5,7.0,8.2,2,10.4,5.4,6.6,,4.2,47.1
54,Male,Employed,5.9,4.2,5.4,4.8,8.1,7.2,3,2.0,8.0,4.4,5.4,3.7,59.4
24,Male,Unemployed,4.8,5.1,4.6,1.5,4.6,7.3,1,1.1,2.9,6.2,9.1,9.5,47.2
43,Other,Employed,6.4,,5.6,2.4,7.2,6.9,2,6.9,6.3,5.9,7.4,8.0,52.3
25,Male,Employed,3.5,6.1,2.4,1.3,3.5,8.5,3,7.6,7.9,1.0,,6.3,47.2
23,Male,Employed,6.2,7.0,9.3,0.1,3.3,4.9,1,6.4,2.5,2.4,10.0,3.0,74.2
58,Female,Unemployed,8.1,4.4,6.1,0.4,5.7,6.0,0,2.0,5.7,3.5,3.7,5.5,48.9
44,Male,Student,2.8,5.0,6.9,0.9,7.7,,3,8.1,6.8,8.6,5.5,8.8,35.2
52,Female,Student,6.1,5.4,3.0,4.9,3.6,8.1,2,11.3,3.6,6.1,3.7,4.5,53.7
25,Female,Student,6.2,10.0,3.3,2.9,4.6,8.5,3,4.2,7.0,9.3,10.0,8.5,53.9
54,Male,Student,4.9,8.7,5.0,3.4,0.0,5.4,3,7.4,3.2,1.0,6.4,4.1,58.8
47,Female,Unemployed,4.4,,0.0,1.3,2.4,5.2,1,0.0,6.3,7.8,6.2,5.7,41.7
57,Female,Employed,6.3,7.9,6.4,3.7,5.5,5.6,0,7.5,4.9,7.3,6.9,1.7,68.0
40,Male,Student,4.3,8.0,6.0,3.2,2.6,6.1,2,8.8,8.4,6.3,5.4,2.5,61.4
34,Male,Student,7.4,2.6,2.0,0.1,5.8,5.6,4,8.2,10.0,2.9,6.0,7.1,42.3
35,Male,Unemployed,9.8,6.6,5.9,4.9,3.3,3.3,1,1.6,4.2,2.4,7.0,1.0,64.3
58,Female,Student,8.4,,8.5,3.1,3.9,4.0,0,8.8,3.8,7.8,6.2,5.5,53.2
24,Male,Student,7.8,5.4,6.6,1.4,5.5,2.1,3,5.9,7.3,6.9,6.4,7.4,27.3
57,Female,Employed,5.7,5.4,4.2,1.6,3.7,5.2,4,13.5,9.2,9.5,7.1,6.2,36.0
58,Male,Employed,4.8,4.3,5.4,0.6,4.6,4.6,4,4.5,4.4,6.4,3.6,3.1,48.3
35,Male,Employed,5.3,5.0,4.4,3.0,4.5,7.5,2,11.1,1.8,3.9,,5.7,55.5
44,Female,Student,7.1,6.7,8.1,1.7,1.4,7.4,1,11.0,6.7,7.2,7.1,5.2,48.8
24,Female,Employed,5.2,4.8,0.0,4.1,1.8,4.8,2,9.8,3.5,2.5,4.8,8.1,43.5
28,Male,Student,6.0,8.1,6.2,7.5,2.7,6.5,1,7.9,10.0,4.9,6.3,3.8,69.3
20,Female,Student,8.3,5.3,8.3,0.5,6.0,5.6,1,7.3,4.9,4.8,4.5,2.2,58.7
56,Other,Student,6.3,7.2,4.5,3.2,3.1,10.0,5,8.0,5.0,3.0,8.3,2.9,57.0
22,Male,Unemployed,3.4,5.3,3.2,2.0,6.0,6.6,1,0.0,6.2,5.9,8.2,5.9,50.8
42,Female,Student,7.0,2.7,4.9,0.2,6.2,2.7,4,4.5,2.3,4.7,5.8,7.6,43.7
20,Female,Employed,5.9,6.0,7.3,4.9,10.0,6.1,3,8.4,2.0,4.3,8.9,4.9,73.4
51,Female,Student,6.8,8.8,6.8,6.5,3.2,4.3,0,9.4,6.2,2.0,3.6,5.9,59.3
48,Male,Student,9.2,7.4,8.7,5.9,6.1,9.0,0,2.1,5.3,1.5,5.9,7.5,65.5
53,Other,Student,4.6,9.7,4.3,3.7,4.8,10.0,2,7.7,5.0,9.5,8.1,3.3,73.1
32,Male,Employed,6.0,,5.8,3.1,10.0,8.1,0,10.2,2.9,7.0,4.2,7.6,47.1
33,Female,Unemployed,6.5,5.8,4.6,6.5,8.7,5.8,1,1.7,7.1,4.9,10.0,2.6,80.9
27,Male,Student,5.3,7.4,4.4,1.7,8.3,5.0,1,2.4,2.3,5.6,8.3,6.8,56.2
26,Male,Student,6.4,4.9,5.7,1.3,3.9,6.3,1,5.7,5.2,7.0,6.4,5.9,42.5
34,Female,Student,5.3,6.5,6.5,7.7,8.2,6.5,1,8.5,5.6,5.9,6.7,5.9,58.7
20,Male,Student,8.6,7.7,6.3,1.4,6.8,7.3,2,9.3,9.7,6.9,3.6,3.1,62.0
37,Male,Student,5.7,7.6,5.9,1.6,5.6,3.5,1,7.4,6.5,5.2,10.0,9.0,51.4
54,Female,Unemployed,7.5,6.6,8.0,0.1,5.1,3.1,2,2.2,6.5,5.7,7.3,4.0,53.3
39,Male,Employed,7.4,6.9,4.8,,2.9,4.9,2,7.6,5.5,4.4,10.0,1.7,65.3
22,Female,Employed,6.9,7.4,5.7,3.8,2.1,4.3,4,3.9,7.5,5.5,4.2,4.7,51.4
57,Female,Unemployed,5.9,5.9,7.7,0.1,3.8,7.8,1,0.3,7.4,4.1,8.7,3.9,56.9
28,Male,Unemployed,6.4,9.8,3.7,,10.0,3.5,3,0.0,2.5,7.6,6.1,8.0,67.9
53,Male,Student,6.1,4.8,3.7,2.1,4.5,3.7,2,7.5,3.7,1.7,6.1,10.0,33.8
33,Male,Student,3.6,6.5,8.3,0.1,5.7,4.3,1,11.1,3.1,5.4,5.4,5.8,45.9
30,Male,Student,6.9,4.0,6.8,0.8,9.7,7.8,1,9.2,5.3,10.0,7.5,3.4,49.4
48,Female,Student,6.2,6.2,2.9,0.4,2.9,8.4,3,5.1,4.1,4.4,,5.2,43.8
29,Female,Employed,7.2,2.2,7.7,5.4,5.5,5.3,1,3.5,2.5,10.0,9.6,5.9,41.1
26,Male,Employed,5.8,8.0,2.9,5.4,4.4,3.6,2,6.2,4.0,6.5,7.2,5.9,59.9
20,Female,Employed,4.9,4.8,4.3,1.4,10.0,6.8,2,7.9,5.8,4.8,9.5,6.5,51.7
58,Male,Employed,5.5,5.0,0.5,1.2,8.7,6.0,1,7.9,5.1,6.7,7.5,6.8,60.5
42,Female,Employed,8.6,3.8,7.5,5.0,5.8,8.0,0,10.5,6.8,7.5,4.4,7.5,47.3
21,Male,Employed,7.7,3.5,8.4,2.2,7.1,8.2,1,4.1,4.4,3.3,7.4,4.3,70.2
31,Male,Employed,5.2,6.9,6.4,1.1,8.1,2.2,3,1.4,6.5,4.7,10.0,9.5,27.6
51,Female,Student,3.8,9.2,5.7,1.8,8.2,6.7,2,1.6,10.0,1.2,5.3,4.0,77.2
23,Male,Employed,7.1,,5.5,2.2,9.7,6.0,0,9.2,3.6,2.3,6.1,1.6,71.5
51,Male,Unemployed,6.8,5.5,4.5,0.1,0.0,,3,1.3,8.4,1.9,4.7,5.5,40.0
57,Female,Student,6.0,7.7,4.5,0.4,2.9,7.5,2,7.1,6.4,5.0,3.6,5.3,52.8
30,Female,Student,5.5,4.6,6.6,0.2,7.1,4.8,2,8.7,3.4,2.1,5.6,4.7,53.9
56,Male,Student,8.0,5.0,8.3,2.1,5.3,5.2,0,10.8,5.2,3.8,6.7,6.4,49.7
57,Male,Employed,6.6,7.0,6.0,5.5,5.2,7.2,3,6.4,10.0,3.6,,6.4,58.1
48,Female,Student,6.1,6.0,7.2,1.6,3.5,,2,9.8,4.3,5.7,5.8,7.7,32.2
21,Male,Student,4.4,6.7,5.4,1.6,7.9,4.2,1,0.8,3.2,2.7,9.3,8.4,54.4
20,Female,Employed,5.8,6.5,2.5,0.4,3.9,4.5,3,9.4,3.9,7.3,4.4,4.4,56.7
22,Female,Student,7.0,6.2,5.1,1.0,3.7,8.7,0,7.7,3.5,6.7,,1.0,60.0
41,Female,Employed,6.6,7.2,4.5,0.7,10.0,7.0,4,5.2,4.2,7.0,4.5,8.5,52.3
29,Male,Student,7.3,9.1,6.5,0.0,2.3,4.8,3,5.1,7.8,2.9,6.4,7.7,42.0
38,Female,Student,7.9,6.7,7.8,0.0,4.1,7.3,1,7.2,7.2,5.4,3.6,6.3,33.8
40,Male,Employed,3.5,5.0,3.5,1.0,6.9,5.2,3,6.1,6.5,7.0,7.8,5.6,44.4
48,Female,Unemployed,4.5,4.7,8.7,1.1,2.4,4.5,2,1.6,6.3,1.6,7.5,6.9,34.5
49,Female,Employed,4.6,2.2,7.3,4.2,8.4,7.5,6,1.9,4.6,2.3,5.9,6.3,48.1
25,Female,Student,9.2,5.6,0.1,2.1,6.0,5.8,2,7.2,6.0,2.3,6.1,3.6,77.0
49,Female,Employed,6.3,,8.5,1.6,4.5,7.6,1,5.9,5.9,2.5,5.7,5.1,64.8
42,Male,Student,7.5,9.7,6.9,0.1,6.9,5.3,1,5.9,5.0,3.0,4.2,8.2,57.1
49,Male,Employed,5.1,7.2,6.9,5.2,5.8,,1,12.9,6.4,5.9,4.7,2.5,57.9
40,Female,Student,5.5,4.1,3.7,0.3,5.3,6.5,3,8.9,6.8,4.9,6.5,4.4,50.8
49,Female,Unemployed,8.5,4.5,8.1,0.6,8.9,7.5,5,1.2,7.6,5.8,8.2,5.3,61.0
45,Female,Employed,7.1,5.9,6.2,1.7,5.7,8.0,2,4.2,2.4,4.7,3.8,5.7,55.7
19,Male,Unemployed,2.3,5.0,4.8,4.5,5.6,6.2,2,0.8,8.0,4.7,5.3,7.7,45.2
21,Male,Student,4.7,5.2,9.9,5.4,2.7,6.8,0,4.0,5.6,3.0,,3.5,49.3
52,Male,Employed,8.3,6.8,8.7,6.1,6.1,,1,4.5,5.1,6.7,4.9,3.2,77.1
43,Male,Student,4.9,6.7,3.3,5.1,9.6,7.2,0,7.8,5.2,7.4,4.2,8.1,45.7
23,Female,Employed,3.7,8.9,7.2,4.2,6.2,4.6,2,1.9,5.7,6.9,1.9,1.7,72.4
40,Male,Employed,5.6,,3.1,1.3,5.0,7.3,2,5.4,4.3,5.0,7.6,6.4,47.0
55,Male,Employed,7.4,7.3,2.0,5.5,6.1,5.3,1,7.6,5.6,2.6,6.1,5.8,72.4
42,Female,Student,10.4,5.0,5.2,4.7,7.6,5.0,3,7.6,7.0,2.7,2.9,8.6,59.7
21,Male,Employed,10.7,5.4,4.9,0.5,7.5,7.8,1,7.4,4.5,1.0,8.5,1.0,85.6
54,Female,Employed,5.2,9.1,2.1,0.0,2.9,,2,5.1,6.7,3.5,9.2,7.8,50.6
57,Female,Student,8.8,8.3,6.0,1.6,4.7,6.2,1,7.8,6.3,5.8,4.0,6.2,60.5
41,Male,Student,4.6,4.6,3.0,4.1,7.2,5.6,1,6.6,7.8,4.6,6.3,6.4,43.1
35,Female,Employed,5.0,4.1,6.8,2.6,8.7,9.0,1,6.6,8.9,9.7,9.3,7.3,36.8
53,Female,Employed,8.0,,3.7,0.1,5.7,5.3,3,1.4,4.5,3.4,8.1,3.3,54.8
45,Male,Unemployed,4.4,5.8,1.8,1.1,2.1,7.7,4,1.3,7.3,10.0,8.2,3.9,36.3
19,Male,Student,6.8,4.6,4.9,0.5,5.9,3.6,1,7.3,6.1,3.6,4.7,4.7,49.3
58,Male,Student,6.9,7.7,5.2,0.7,7.0,2.3,2,8.5,3.5,5.0,3.6,4.6,59.6
30,Male,Employed,7.2,4.1,28.184369909095693,0.1,5.4,10.0,1,3.1,3.1,4.6,10.0,6.0,59.9
46,Female,Student,7.9,10.0,5.6,4.5,8.4,7.0,2,7.0,9.9,7.4,5.5,1.6,78.5
18,Female,Employed,6.3,6.0,1.1,2.9,1.3,5.5,2,9.8,8.2,6.1,5.6,8.4,34.6
51,Male,Student,7.3,4.0,6.5,9.2,8.2,7.3,2,8.1,7.6,10.0,6.6,5.6,46.5
41,Male,Student,8.1,2.5,3.0,3.9,2.9,5.4,1,5.6,6.6,1.0,5.0,1.0,60.1
25,Male,Unemployed,5.8,5.1,3.7,0.1,0.3,9.5,1,2.0,8.2,3.1,2.0,6.9,33.6
53,Female,Student,5.1,7.3,5.1,1.7,7.2,10.0,4,7.4,4.5,2.4,9.5,9.7,59.5
18,Female,Employed,6.8,2.8,4.7,1.3,6.1,4.6,3,5.0,5.8,7.2,8.0,6.3,33.8
58,Female,Student,6.6,6.1,3.0,0.2,4.4,7.6,2,4.1,6.3,5.9,9.7,4.5,64.6
43,Male,Student,7.2,5.3,5.3,4.8,10.0,9.6,2,5.7,8.3,1.3,8.4,7.3,66.6
22,Male,Student,4.1,7.3,8.4,1.3,5.5,5.8,4,12.2,1.0,4.2,7.0,2.0,68.8
24,Female,Student,9.3,6.6,6.7,2.8,5.8,2.6,3,7.5,8.4,2.6,7.6,5.3,60.6
49,Female,Employed,5.1,10.0,9.0,3.9,7.6,7.9,4,6.4,5.2,4.9,3.6,1.7,78.1
31,Male,Unemployed,7.7,6.8,0.8,1.0,5.5,4.5,1,0.1,8.1,8.3,9.8,1.6,74.3
21,Female,Employed,8.0,4.3,4.1,2.8,8.4,9.5,2,9.2,6.0,8.3,6.7,4.8,51.5
36,Female,Employed,5.5,5.7,2.5,1.0,4.8,7.6,4,6.5,6.6,6.4,7.5,3.8,52.5
59,Female,Employed,7.8,7.1,4.3,0.2,3.9,6.2,0,6.0,2.3,6.6,9.2,6.0,53.5
40,Female,Employed,6.6,4.3,7.9,0.7,4.9,,1,3.7,7.4,4.6,7.0,5.2,40.2
51,Male,Employed,4.9,6.1,5.1,0.1,4.7,3.7,3,9.8,3.7,1.7,7.5,2.6,68.2
52,Female,Student,6.9,4.6,7.7,3.4,6.3,8.3,4,7.6,6.5,3.6,5.4,6.4,39.5
31,Female,Student,7.4,7.0,7.3,2.8,2.4,5.9,3,8.6,3.9,3.4,7.4,5.4,64.8
55,Female,Employed,6.7,4.6,2.8,0.7,3.5,8.7,2,9.9,6.9,9.2,7.7,3.0,48.9
24,Female,Employed,8.2,4.7,5.3,5.7,1.9,5.0,0,14.2,4.5,7.1,6.2,4.3,51.0
52,Other,Student,5.9,7.3,6.6,3.0,8.9,8.6,1,7.9,3.1,9.7,,4.8,57.2
50,Male,Student,5.6,2.8,7.8,1.4,7.5,6.9,5,6.4,9.2,4.0,9.2,3.7,49.6
37,Female,Employed,7.7,4.4,6.8,2.3,8.9,6.2,1,4.6,8.6,5.7,4.5,10.0,34.7
50,Female,Employed,8.5,7.0,3.5,2.7,6.7,1.0,2,7.6,4.6,7.4,8.1,2.9,72.7
28,Male,Employed,5.6,5.6,7.8,0.4,5.5,7.5,3,6.3,5.6,4.5,7.6,5.7,48.6
52,Male,Employed,5.3,6.8,10.1,0.2,4.7,4.2,2,3.3,5.1,6.4,4.7,6.9,38.6
22,Male,Employed,5.3,,3.1,3.0,7.5,7.6,3,8.2,9.5,6.6,10.0,5.5,74.5
40,Male,Student,6.7,8.1,1.7,5.2,4.4,7.6,0,8.6,2.1,3.4,3.2,7.9,54.7
28,Female,Employed,5.6,2.1,5.2,5.6,4.7,3.7,4,5.1,7.8,5.1,6.8,5.3,49.9
35,Female,Student,6.3,4.8,3.6,5.5,4.6,4.4,1,4.1,6.2,6.3,4.6,3.4,51.4
58,Female,Student,8.8,2.0,9.4,14.0,1.7,6.5,0,7.2,9.4,7.7,4.3,2.8,34.6
43,Male,Employed,6.9,4.7,6.4,1.6,4.3,5.5,6,7.1,3.9,8.6,,7.8,23.4
32,Male,Student,6.2,4.7,4.6,3.0,3.4,6.9,1,8.0,7.9,4.1,5.3,8.3,36.0
51,Male,Employed,2.0,7.3,9.2,6.9,6.3,5.8,1,10.4,5.5,5.8,5.2,9.2,41.6
26,Female,Employed,4.6,7.2,7.9,0.6,2.9,2.7,0,5.4,6.9,7.1,6.6,4.9,40.8
23,Female,Unemployed,2.7,,3.9,0.5,9.6,7.5,2,0.9,6.3,1.0,6.5,3.1,77.4
45,Male,Employed,5.7,4.7,3.7,6.2,8.1,4.8,1,11.0,1.2,4.6,3.2,5.9,80.5
44,Female,Employed,5.1,6.8,7.1,2.3,3.5,4.9,2,9.4,5.4,3.4,6.0,6.2,58.3
18,Male,Employed,6.5,4.0,6.0,1.9,9.9,,8,9.2,2.7,5.5,4.1,4.0,57.2
54,Male,Student,6.5,4.4,9.0,4.5,6.9,4.0,1,7.1,4.6,9.0,4.0,3.7,57.4
30,Female,Unemployed,6.0,3.4,6.7,2.1,1.2,9.4,2,1.4,3.9,6.8,6.0,5.9,35.1
34,Female,Student,4.1,4.2,3.4,2.7,6.3,6.0,2,10.3,2.6,3.6,3.5,9.4,44.8
50,Male,Employed,7.2,8.9,1.9,2.3,7.9,3.8,5,8.2,4.2,6.8,5.9,5.7,59.8
43,Male,Student,5.3,6.9,0.7,0.0,4.3,6.6,2,1.0,4.9,1.0,5.5,1.7,70.3
46,Female,Unemployed,5.7,4.3,8.3,0.7,3.9,10.0,2,0.0,5.0,3.9,6.7,6.2,53.9
32,Male,Student,7.1,2.6,2.9,1.1,6.8,9.0,3,8.0,7.2,9.7,9.5,1.0,56.1
31,Male,Student,6.5,,5.4,0.0,6.0,5.0,1,13.2,7.6,5.5,8.1,4.3,70.3
43,Male,Employed,9.2,3.2,6.1,1.7,6.6,7.7,1,8.1,3.5,2.7,5.5,9.4,41.9
31,Male,Student,8.0,6.9,27.979534326999698,3.3,2.9,4.1,1,7.1,8.8,5.3,6.4,10.0,36.1
26,Female,Employed,8.1,7.4,0.0,5.1,0.1,7.3,2,6.4,4.9,8.6,7.3,7.3,56.6
58,Male,Student,6.7,6.0,3.5,0.8,8.5,7.1,2,8.2,4.8,7.7,5.2,4.7,53.7
58,Female,Employed,7.9,3.5,8.8,2.2,5.3,7.3,0,7.8,8.7,9.8,10.0,7.3,25.9
46,Other,Unemployed,8.4,7.8,5.6,0.4,8.2,3.6,2,1.5,5.1,6.0,6.1,3.9,74.0
52,Male,Employed,7.1,9.0,1.9,,1.9,,0,6.9,5.2,5.9,6.2,10.0,61.0
52,Male,Student,5.8,3.1,5.2,0.3,5.0,7.4,2,12.8,3.4,9.2,8.3,5.8,39.2
41,Female,Student,9.0,6.3,7.6,6.8,4.0,7.9,2,6.2,9.7,1.6,8.7,4.7,77.9
47,Male,Student,6.3,3.4,4.8,1.2,8.3,6.0,1,7.8,7.8,7.8,7.1,5.5,44.6
20,Female,Employed,4.4,3.8,4.3,1.7,4.5,,2,5.6,5.0,6.3,,4.3,43.3
21,Male,Employed,3.7,5.3,4.2,10.7,2.7,6.0,1,7.6,5.6,7.5,4.9,7.8,40.3
41,Male,Employed,4.8,5.0,6.0,,5.9,6.1,3,7.5,4.5,4.9,7.4,8.3,46.5
18,Female,Student,4.6,4.3,8.0,0.6,2.0,6.8,0,4.0,7.6,8.5,4.4,4.5,35.8
49,Female,Student,7.0,3.5,8.1,1.8,7.2,5.8,1,6.1,5.9,5.5,8.0,5.0,51.3
22,Female,Employed,3.2,3.4,3.0,1.6,0.8,3.3,3,12.2,6.1,8.2,8.5,4.6,28.5
31,Female,Student,3.2,6.9,6.4,2.4,3.6,7.2,2,8.5,6.1,5.4,7.3,7.9,35.9
38,Female,Unemployed,7.6,8.3,5.2,5.1,6.6,6.0,3,0.0,8.4,6.7,7.9,5.8,65.4
49,Female,Employed,6.1,7.8,3.9,2.9,4.6,,1,5.3,7.8,4.9,4.1,6.3,41.6
46,Male,Employed,4.9,4.9,3.0,1.5,2.1,6.0,0,11.5,5.1,4.9,10.0,1.9,45.0
43,Female,Student,4.0,4.2,9.9,8.8,1.7,6.5,3,7.0,6.7,7.4,5.5,3.6,32.0
57,Male,Student,8.5,5.2,6.6,0.6,9.3,5.1,2,6.0,9.7,4.0,,5.0,49.3
21,Male,Student,5.6,5.2,3.7,3.7,4.3,4.4,1,7.4,3.1,3.8,5.1,5.1,42.9
54,Male,Employed,5.8,3.7,2.5,2.5,5.9,4.8,1,9.2,7.7,8.6,6.7,1.0,51.0
23,Male,Student,7.1,4.4,4.1,0.6,5.1,7.5,0,6.5,4.5,3.3,10.0,8.6,48.9
30,Male,Employed,9.4,9.5,9.7,0.5,6.4,8.2,0,7.7,4.3,4.3,8.6,4.4,90.6
57,Male,Employed,9.3,8.2,8.7,2.4,7.1,4.0,2,9.1,4.7,8.8,6.2,4.2,53.8
22,Male,Employed,5.9,1.9,9.5,0.9,4.7,2.8,2,7.0,5.5,4.6,2.7,3.9,35.7
22,Female,Employed,4.5,,7.6,0.1,4.9,3.2,2,7.4,4.9,5.5,6.5,8.4,25.5
59,Male,Student,5.9,6.5,3.4,1.4,8.5,5.8,3,5.3,3.9,7.5,8.0,1.0,83.1
52,Female,Employed,7.6,6.0,6.5,0.2,3.3,7.3,3,6.3,7.7,4.5,,4.0,50.9
49,Female,Employed,4.4,4.7,4.5,11.8,7.1,6.9,0,7.3,9.2,5.3,9.4,5.5,65.9
19,Male,Student,5.5,4.8,4.1,1.8,7.4,5.6,0,7.9,8.9,6.3,5.0,6.4,44.5
33,Female,Student,4.0,4.9,7.4,1.3,1.8,7.9,1,9.7,4.5,3.1,3.2,6.0,39.6
37,Female,Student,6.5,10.0,6.6,0.4,2.9,10.0,1,7.6,5.7,2.8,8.2,5.8,61.0
21,Female,Employed,3.1,4.9,8.6,1.8,6.9,7.8,0,4.5,5.5,6.0,5.5,3.6,50.0
42,Female,Student,7.2,6.1,4.0,0.7,7.8,7.7,3,9.8,8.1,3.7,5.8,7.0,56.6
40,Other,Student,5.5,4.6,4.2,0.4,0.7,7.7,3,10.5,6.0,2.0,7.5,4.8,54.6
23,Male,Unemployed,11.0,,5.8,1.3,7.8,10.0,1,1.2,6.4,10.0,6.5,2.2,69.4
46,Female,Employed,5.3,6.6,9.9,10.5,4.8,8.0,1,6.0,3.6,1.5,6.7,8.9,58.0
20,Other,Student,3.8,8.9,9.4,0.3,10.0,9.4,5,10.0,4.6,4.8,7.8,5.0,73.3
20,Female,Student,5.6,5.5,2.9,1.1,3.7,5.2,2,7.1,6.0,8.3,8.7,6.0,45.7
54,Male,Employed,5.7,4.4,5.3,5.5,4.5,1.4,0,8.6,4.3,8.2,9.6,5.3,45.6
21,Male,Employed,6.0,10.0,2.7,0.8,4.5,6.2,3,9.8,5.6,5.7,6.3,5.6,56.3
35,Female,Student,6.5,4.0,6.6,2.8,0.6,5.6,2,6.1,3.8,6.4,4.9,3.4,41.7
26,Male,Student,4.5,2.8,3.6,0.3,2.2,7.8,3,6.5,7.5,5.6,7.8,2.4,35.4
29,Female,Student,5.6,7.9,3.1,3.8,1.2,6.4,4,6.1,5.8,2.7,,7.3,42.1
54,Female,Student,5.1,8.6,6.8,2.1,10.0,6.2,1,6.1,10.0,5.6,8.2,2.6,82.5
22,Female,Employed,9.0,10.0,4.7,2.8,3.2,8.3,5,5.6,5.9,1.0,4.0,5.2,52.5
58,Female,Employed,8.5,5.3,5.9,3.8,9.5,10.0,0,8.1,3.8,2.2,5.7,5.8,69.8
38,Female,Employed,6.8,5.6,7.9,0.9,5.2,7.5,5,7.9,8.5,8.0,6.9,3.8,52.9
56,Male,Student,6.8,3.1,3.9,3.2,5.0,4.4,2,6.8,7.4,2.2,9.3,1.0,59.9
41,Female,Student,6.3,7.8,1.2,0.6,5.6,5.5,2,6.2,3.0,4.2,10.0,4.2,65.7
32,Male,Employed,5.5,2.9,7.3,4.9,2.2,6.6,1,10.4,5.8,7.0,6.0,6.2,34.2
52,Male,Student,6.4,5.3,2.7,4.5,10.0,7.8,2,4.9,5.5,2.3,6.9,1.6,95.7
35,Female,Student,6.4,2.3,5.4,1.1,8.7,5.7,3,8.7,7.3,1.0,5.0,7.6,37.5
22,Female,Student,6.7,4.6,6.2,13.7,8.1,5.5,4,7.0,5.8,3.4,6.7,5.5,67.5
37,Male,Unemployed,6.0,4.7,5.9,1.0,6.8,6.4,6,2.0,6.8,6.7,6.1,9.0,38.0
30,Female,Employed,7.0,5.0,9.8,0.5,6.0,9.9,2,5.4,7.2,8.3,6.2,6.1,45.0
59,Female,Employed,5.8,3.7,5.8,0.7,6.4,5.4,0,8.9,8.9,7.1,4.4,8.3,33.7
51,Male,Employed,6.2,4.5,4.0,0.6,9.5,5.2,1,8.5,8.7,7.9,5.1,2.6,55.1
59,Male,Employed,6.0,9.4,7.6,,5.1,6.6,2,1.3,6.5,7.1,6.4,7.0,63.6
43,Male,Unemployed,8.7,7.8,3.1,3.2,4.8,5.6,6,1.6,5.7,4.1,5.8,5.8,61.4
58,Female,Student,4.4,2.2,5.4,2.6,2.6,8.8,3,8.8,9.3,7.5,7.1,4.1,26.8
33,Male,Student,8.3,6.0,6.4,,3.7,9.5,1,7.5,7.0,7.4,5.8,5.6,41.8
38,Male,Employed,4.6,8.9,4.3,0.1,4.8,7.8,1,10.6,7.3,8.5,7.9,4.7,54.9
47,Female,Employed,7.5,7.4,4.6,0.8,8.1,7.0,1,7.2,9.9,6.5,3.4,9.4,47.6
56,Female,Student,7.3,5.7,7.4,0.8,1.1,5.4,4,6.9,8.6,3.4,3.7,4.7,45.5
25,Male,Student,6.9,8.5,3.8,2.8,5.2,2.7,3,8.5,6.1,7.0,7.2,6.8,53.6
33,Male,Employed,6.3,7.1,5.8,2.0,4.9,5.9,3,11.7,6.9,10.0,1.8,10.0,18.8
49,Male,Student,5.3,8.4,6.9,5.8,6.5,7.0,1,9.1,5.3,4.3,7.8,4.2,81.5
21,Male,Unemployed,7.1,6.4,7.3,4.1,3.4,3.7,2,0.0,5.1,5.2,6.2,9.6,29.0
37,Female,Employed,5.4,8.4,5.7,3.4,6.7,6.8,3,4.2,6.6,7.6,3.1,7.7,50.1
59,Female,Student,5.4,7.3,6.5,5.4,10.0,6.4,1,4.6,9.7,3.2,5.8,5.9,76.9
18,Female,Unemployed,5.0,4.7,9.2,2.8,3.5,,4,1.8,5.8,4.6,6.0,5.7,48.4
57,Female,Student,6.0,5.5,10.2,0.8,7.4,7.6,2,11.5,2.0,6.5,7.9,8.4,44.6
47,Male,Employed,4.4,3.5,4.5,4.7,10.0,10.0,3,10.0,8.1,1.0,1.9,1.0,75.5
24,Female,Unemployed,5.8,3.0,7.7,0.1,3.4,8.4,2,0.4,5.8,5.7,7.5,10.0,33.7
49,Male,Student,5.8,1.0,4.9,0.1,5.6,4.6,2,11.6,3.8,5.1,5.8,3.7,51.2
37,Female,Student,10.8,6.4,6.8,4.3,3.7,3.7,1,8.2,6.0,5.4,8.8,8.4,52.9
51,Female,Student,9.6,4.1,9.6,0.8,6.6,4.7,2,9.1,4.2,9.6,7.3,8.1,41.2
49,Female,Employed,7.8,6.6,2.7,0.0,0.0,7.5,0,8.1,5.4,6.7,2.9,8.6,38.4
25,Male,Unemployed,7.3,7.7,4.6,0.1,3.2,4.7,3,2.1,8.6,7.1,6.1,5.3,54.2
59,Female,Employed,7.2,5.3,5.1,0.5,2.8,7.4,1,5.6,6.1,5.2,3.5,10.0,26.8
57,Male,Student,7.1,1.7,1.6,4.8,9.7,6.9,3,7.3,6.9,2.6,6.4,5.3,58.7
20,Male,Student,6.3,2.0,5.7,1.1,5.8,3.1,3,9.4,7.7,7.8,7.1,7.6,34.1
20,Male,Employed,6.7,4.5,6.9,0.6,3.6,5.3,1,7.7,9.6,2.2,4.7,6.6,37.4
19,Male,Student,6.1,6.9,5.5,0.1,7.1,7.3,3,10.2,4.4,6.7,9.2,10.0,47.9
45,Female,Employed,7.3,6.7,6.3,0.5,3.9,6.1,0,4.0,3.1,7.0,3.0,5.6,48.0
51,Female,Employed,6.7,8.2,6.5,6.7,4.7,3.2,4,6.8,4.9,1.0,8.0,4.0,88.1
55,Female,Student,5.3,7.5,6.8,4.1,6.3,6.3,0,4.2,6.2,8.3,7.3,3.5,72.9
19,Male,Employed,8.7,4.6,5.6,1.2,7.3,6.7,2,5.6,4.1,8.8,5.0,6.5,53.3
19,Male,Student,5.8,5.2,2.1,2.6,4.6,5.8,2,5.8,9.4,4.6,6.7,5.9,49.8
37,Female,Employed,3.9,5.6,2.6,0.5,6.3,4.2,2,6.4,6.6,5.1,7.7,5.2,52.6
38,Male,Unemployed,6.0,8.8,5.1,2.2,8.4,7.9,0,0.3,6.3,3.4,3.6,8.2,58.0
28,Male,Employed,4.4,3.3,5.5,0.4,3.1,5.2,3,7.5,4.5,4.1,3.1,4.2,34.4
45,Male,Student,6.6,8.0,4.1,1.3,5.6,7.6,2,5.8,9.1,8.3,3.7,4.4,44.9
52,Female,Student,6.7,,6.0,4.9,4.9,8.2,1,7.5,8.1,1.6,4.9,1.9,85.5
26,Female,Student,9.5,8.9,6.4,3.3,2.0,6.5,3,8.4,8.4,10.0,8.1,8.2,53.3
23,Female,Student,6.1,8.0,3.2,4.4,5.9,4.0,4,8.8,5.4,6.0,6.0,7.0,61.1
33,Female,Employed,6.4,5.0,7.1,2.5,5.8,5.2,3,8.0,5.0,2.7,7.2,3.7,59.5
31,Female,Employed,5.9,7.4,5.9,5.7,7.8,8.1,1,6.4,8.9,6.1,6.7,8.6,64.5
28,Female,Student,6.1,2.6,3.6,4.1,6.9,5.9,2,11.9,5.6,6.7,,3.6,53.3
50,Male,Student,6.3,6.4,4.0,1.3,8.7,7.3,3,10.6,7.0,5.2,9.7,10.0,56.3
31,Female,Employed,7.7,7.0,4.8,0.3,8.0,8.4,4,10.8,4.2,1.4,5.6,3.9,70.7
43,Male,Student,6.2,8.2,5.0,2.4,6.5,3.5,6,8.6,3.7,6.6,,6.5,60.7
31,Female,Employed,6.5,6.5,8.2,3.1,2.8,4.7,1,10.5,7.0,5.8,6.0,1.4,67.4
40,Female,Student,6.9,7.3,5.9,0.1,4.8,7.9,3,10.6,4.1,5.2,10.0,5.0,62.0
41,Female,Student,6.2,4.3,5.2,4.4,7.6,4.4,0,5.2,6.8,2.5,8.0,8.7,41.2
22,Male,Student,8.0,6.2,4.3,1.6,8.1,6.8,4,7.0,4.8,2.3,2.6,7.8,55.4
44,Female,Employed,6.2,2.5,4.6,5.3,7.8,5.3,1,8.8,7.5,5.8,5.8,8.4,45.9
18,Male,Unemployed,5.9,3.0,5.4,3.2,4.0,3.3,3,0.6,3.2,7.6,5.5,4.7,35.6
59,Male,Student,6.5,6.1,5.2,0.4,3.3,6.2,1,8.0,8.0,5.1,6.2,1.0,54.9
57,Male,Student,8.5,6.8,9.1,2.8,7.5,9.5,4,5.6,2.8,1.1,2.8,4.6,65.1
27,Male,Employed,5.2,6.4,4.4,0.9,4.8,4.1,2,8.5,9.3,3.2,2.6,3.9,57.8
40,Female,Employed,8.1,8.7,4.2,0.8,6.6,7.7,3,8.9,3.9,3.9,4.0,2.5,79.5
33,Male,Student,8.6,4.3,5.5,1.3,2.9,4.6,3,6.9,5.2,5.4,7.6,10.0,34.0
41,Female,Employed,5.9,3.3,0.0,2.0,2.9,6.2,3,7.0,10.0,1.0,6.4,6.9,49.9
31,Male,Student,2.9,4.3,11.6,0.7,4.7,3.7,1,6.1,4.2,5.2,7.3,2.8,37.1
21,Male,Student,8.6,5.4,4.4,3.5,1.8,6.8,0,5.4,8.3,7.3,8.5,4.7,66.3
57,Female,Employed,6.6,4.5,3.6,1.1,2.8,9.5,2,6.1,3.1,6.9,7.1,6.0,43.5
54,Female,Student,5.6,8.1,7.5,0.7,9.4,4.6,2,8.0,6.8,2.2,,7.4,59.2
25,Male,Employed,6.3,3.6,1.7,0.1,1.5,7.8,4,8.2,3.6,4.3,2.5,9.9,10.9
27,Male,Employed,9.9,8.3,4.2,4.8,5.4,6.4,2,7.3,6.8,4.6,6.4,7.3,62.8
31,Male,Student,8.6,9.4,2.3,1.1,2.7,6.0,2,5.8,8.6,3.4,5.3,5.7,65.2
38,Female,Student,7.0,7.1,5.1,3.1,4.8,2.7,4,5.3,9.0,8.9,6.5,7.5,37.4
46,Female,Employed,8.1,8.3,5.8,,8.7,3.4,1,6.4,6.3,6.1,10.0,5.9,66.7
57,Male,Employed,9.6,6.6,4.3,2.4,5.7,7.0,3,10.3,5.3,10.0,3.8,8.8,39.9
34,Male,Student,6.6,5.3,6.8,4.1,8.7,6.3,2,5.0,6.3,6.3,5.2,1.2,62.6
44,Male,Student,5.9,4.3,5.7,7.3,10.0,5.9,2,9.2,6.0,10.0,6.7,8.0,51.3
25,Female,Student,9.3,2.7,7.4,2.6,7.2,5.0,3,3.6,6.5,9.3,2.6,1.2,36.9
55,Male,Employed,7.1,5.5,6.6,0.7,6.3,6.1,6,7.1,7.8,8.3,2.4,8.0,33.7
40,Other,Employed,8.2,4.6,3.0,1.8,9.6,6.5,1,5.0,8.5,6.0,7.8,6.0,62.5
36,Female,Employed,5.3,5.6,3.4,2.5,6.5,6.7,1,3.2,3.2,6.8,4.2,7.8,43.9
21,Male,Student,6.6,3.8,7.9,1.5,1.3,6.1,2,5.7,10.0,2.9,2.5,5.8,12.5
38,Female,Student,5.5,6.9,4.8,1.0,7.9,3.7,2,9.3,4.2,7.9,3.3,2.3,53.6
59,Male,Employed,5.9,4.0,3.3,2.0,6.4,1.0,1,6.9,4.7,7.8,4.3,3.4,43.8
30,Female,Employed,4.3,5.6,5.1,10.4,8.7,6.8,4,9.7,3.5,6.3,7.2,7.7,56.8
52,Male,Student,5.8,7.1,6.9,0.4,4.0,5.1,2,5.5,6.7,7.0,5.2,6.0,41.6
25,Male,Student,9.1,,5.6,2.3,7.6,5.6,0,11.8,5.6,10.0,7.3,4.9,62.8
56,Male,Unemployed,8.7,7.1,3.1,0.2,2.1,4.9,2,1.2,6.5,10.0,4.0,10.0,32.4
23,Female,Student,9.5,8.8,7.3,1.3,5.9,7.6,1,10.7,6.6,7.4,4.3,8.1,55.3
43,Male,Student,4.5,7.3,5.0,0.5,10.0,4.8,5,8.3,3.2,3.9,4.5,7.3,61.7
29,Other,Student,6.2,5.2,6.8,0.6,5.6,6.4,1,7.4,4.7,1.8,7.8,7.2,53.3
55,Male,Unemployed,8.5,6.7,5.8,0.4,6.1,7.3,3,0.8,5.7,7.9,,4.9,55.2
20,Female,Student,4.9,5.6,8.3,1.1,7.4,6.1,2,6.4,3.0,2.3,4.7,7.9,48.4
27,Male,Student,4.5,3.5,8.2,4.9,9.4,4.4,1,12.0,3.0,5.8,4.1,7.2,45.3
24,Female,Employed,7.6,2.6,6.0,5.7,6.1,3.7,1,5.0,7.5,1.7,6.4,6.2,48.0
26,Female,Employed,5.7,6.9,3.8,0.6,10.0,,1,8.5,7.2,5.2,7.7,3.7,70.3
30,Female,Employed,7.0,4.5,7.2,0.5,6.9,6.2,2,6.4,5.9,8.2,4.1,5.8,45.3
38,Male,Employed,7.8,5.3,5.1,0.1,4.8,3.7,1,9.7,6.0,5.3,4.8,1.0,47.9
48,Female,Employed,7.6,6.2,4.6,1.4,5.5,5.9,0,6.2,9.8,9.9,4.6,8.1,45.0
34,Female,Employed,6.2,3.3,6.8,0.9,6.5,8.6,1,9.7,6.5,10.0,10.0,4.1,49.2
25,Female,Employed,6.6,7.9,2.0,1.4,7.6,8.0,2,8.6,8.1,5.9,6.8,5.9,67.6
23,Female,Student,3.1,4.6,5.1,0.1,7.4,5.8,1,8.6,8.3,4.7,5.5,9.0,31.6
20,Female,Employed,5.9,2.8,6.6,3.4,4.9,8.8,1,8.6,5.1,4.7,2.2,5.4,38.3
39,Female,Student,6.3,9.6,5.0,2.7,7.6,5.8,3,7.5,7.8,10.0,7.5,5.7,59.4
32,Female,Employed,3.0,9.0,3.8,2.7,8.3,4.1,4,7.9,5.5,8.1,8.6,4.6,66.1
50,Male,Employed,6.1,5.7,5.4,1.6,6.3,6.4,1,9.4,7.7,4.0,6.8,8.4,50.0
18,Male,Employed,8.9,3.9,2.8,1.5,6.2,6.4,5,2.9,10.0,4.3,6.0,8.9,41.2
46,Male,Employed,6.2,8.3,8.0,1.9,7.8,4.0,0,9.1,7.6,3.2,7.3,2.2,71.9
46,Female,Employed,6.3,4.9,4.0,1.2,3.3,8.2,2,12.1,4.1,4.4,5.8,6.2,58.5
26,Male,Unemployed,5.4,6.9,5.9,1.5,1.3,4.7,2,0.4,6.9,5.0,7.1,3.8,55.5
58,Male,Employed,5.8,4.4,2.7,1.8,7.1,10.0,4,4.5,6.1,6.9,7.5,5.8,67.8
31,Male,Student,5.3,6.4,6.3,0.9,5.6,5.7,3,4.5,6.5,4.8,7.9,10.0,36.2
52,Male,Employed,7.0,6.7,4.8,0.4,6.3,3.5,1,6.7,9.9,4.4,4.5,7.7,39.2
40,Female,Student,6.7,6.8,3.4,7.8,6.0,4.8,2,7.7,5.6,5.5,9.8,6.0,76.2
37,Other,Student,6.8,7.5,3.6,0.2,6.5,8.2,0,8.6,3.9,6.7,2.3,6.9,60.6
23,Female,Student,5.6,10.0,5.5,0.8,8.3,8.5,2,8.0,5.2,2.7,10.0,6.6,74.0
24,Female,Student,6.1,6.8,6.3,0.4,7.9,7.0,3,9.9,6.7,1.9,5.7,6.7,64.9
23,Male,Student,5.3,4.6,4.6,3.7,2.7,7.2,2,5.7,5.7,6.0,8.2,6.6,32.4
57,Male,Employed,6.9,3.8,7.1,1.1,7.9,5.5,1,3.4,6.8,7.6,5.5,2.5,51.6
18,Female,Student,7.2,4.3,4.9,1.4,4.9,8.2,2,6.0,5.5,6.5,9.0,7.2,53.5
31,Male,Employed,6.5,6.8,4.0,1.6,6.1,9.0,2,3.3,7.4,10.0,3.0,3.6,62.3
27,Male,Student,6.6,7.1,4.6,3.7,10.0,5.8,3,6.9,3.2,1.2,3.5,4.6,91.4
32,Female,Student,6.1,6.7,2.8,4.6,8.7,5.5,1,4.1,9.4,4.2,5.6,9.3,42.2
19,Female,Student,5.6,6.4,7.0,1.7,8.2,,3,2.4,4.3,1.0,5.7,8.9,61.1
28,Male,Employed,7.1,8.3,5.1,0.5,7.5,5.5,2,10.5,6.6,10.0,6.6,6.1,58.7
41,Female,Employed,5.3,6.7,7.2,11.3,6.1,4.2,1,9.3,5.9,1.6,8.1,4.2,82.5
18,Female,Employed,7.1,2.7,8.1,3.7,10.0,4.9,1,8.5,7.1,10.0,8.3,5.5,44.0
29,Male,Employed,6.7,10.0,5.7,,1.3,6.0,5,9.2,9.5,7.7,8.5,5.3,62.7
32,Male,Student,6.4,7.3,3.9,8.2,2.8,6.1,7,7.8,9.5,10.0,6.0,6.9,59.9
50,Male,Student,5.6,4.6,4.6,1.1,3.4,3.8,1,9.5,7.9,7.0,,3.8,46.5
45,Male,Unemployed,9.8,9.2,7.1,2.2,1.9,3.8,4,3.0,7.3,4.6,5.4,1.4,74.4
54,Female,Student,8.0,8.6,3.2,1.4,3.4,5.8,0,5.2,1.0,6.9,8.3,2.1,76.0
43,Female,Employed,6.4,5.7,6.2,1.1,3.3,5.0,4,6.7,7.2,3.0,5.2,4.4,47.2
51,Male,Student,6.3,3.3,4.0,1.1,5.5,5.8,2,9.5,3.9,3.2,5.2,4.6,50.3
35,Male,Employed,9.2,7.7,5.6,9.1,5.6,2.0,1,9.6,4.4,3.0,8.8,8.1,52.6
40,Male,Student,4.9,7.7,5.8,3.9,4.4,5.1,2,7.3,5.7,9.2,10.0,3.6,61.4
32,Female,Employed,7.3,7.0,8.9,0.4,10.0,4.9,1,8.1,6.4,3.9,7.9,8.9,49.7
25,Male,Student,6.7,6.9,2.4,2.3,5.4,,3,9.5,5.4,4.7,6.3,4.2,60.5
31,Female,Unemployed,5.8,2.0,6.2,0.3,5.1,3.1,2,3.0,8.6,1.8,7.1,4.2,46.0
25,Male,Employed,7.9,4.9,4.0,8.8,2.1,5.9,1,1.3,5.6,6.9,3.6,4.1,51.6
36,Male,Employed,6.6,,6.4,4.9,2.5,8.1,1,7.0,7.9,3.2,7.0,1.2,50.0
43,Male,Employed,4.8,6.5,6.6,5.5,3.8,7.4,2,7.6,1.9,4.3,5.8,7.6,45.0
38,Female,Employed,5.4,8.2,5.5,1.3,8.2,7.7,1,4.1,4.4,7.8,8.9,4.3,70.2
34,Male,Student,8.3,7.0,6.2,7.7,7.1,8.4,5,8.3,7.1,6.9,5.8,6.5,73.1
47,Male,Student,6.2,5.2,6.7,1.6,9.3,8.4,0,3.7,6.2,5.6,10.0,5.3,66.3
40,Male,Student,5.1,2.7,7.3,1.7,8.5,7.7,1,3.6,8.4,9.1,9.7,6.2,35.2
28,Female,Student,3.8,6.6,9.6,11.6,9.8,3.7,2,12.6,3.9,2.4,7.0,3.5,70.1
50,Male,Unemployed,9.4,8.3,5.0,4.5,6.1,6.5,2,1.3,3.6,5.3,8.7,6.6,67.3
56,Female,Unemployed,6.0,4.3,6.9,0.3,0.9,5.0,2,1.1,9.5,6.9,7.4,7.6,30.9
42,Female,Employed,7.6,6.0,11.5,1.2,4.8,6.1,2,2.5,4.2,5.1,9.2,6.9,49.2
54,Male,Employed,8.8,4.9,6.6,1.4,7.8,6.2,4,9.3,5.9,1.0,5.3,2.4,67.1
51,Female,Employed,5.8,4.4,5.7,3.7,5.4,5.3,2,6.1,6.6,1.0,4.4,7.2,50.9
45,Male,Employed,6.4,5.8,7.6,4.0,7.6,9.4,1,5.1,7.5,4.1,,6.4,62.4
40,Female,Employed,8.1,4.2,3.8,0.2,4.7,5.1,2,3.1,8.3,2.4,3.1,4.0,57.8
51,Female,Employed,6.1,6.2,7.3,5.3,6.2,5.0,1,10.2,6.6,1.0,6.8,7.6,49.4
18,Male,Unemployed,5.9,3.0,5.4,3.2,4.0,3.3,3,0.6,3.2,7.6,5.5,4.7,35.6
19,Male,Student,6.1,6.1,9.0,0.5,5.5,8.1,0,5.5,6.7,1.0,6.0,4.5,61.7
33,Male,Student,4.3,5.4,4.6,0.5,2.0,7.2,1,11.6,4.0,1.4,3.1,5.8,39.2
27,Male,Student,8.9,2.5,7.4,1.7,1.6,4.8,3,4.8,6.6,3.7,2.0,9.8,16.4
26,Male,Employed,7.4,,2.1,7.3,5.0,6.7,1,9.5,7.0,6.4,6.3,2.1,75.2
56,Female,Employed,10.3,7.6,4.9,,7.7,8.4,1,5.7,8.3,4.2,2.7,6.9,77.2
34,Male,Employed,5.0,1.9,4.9,1.4,5.3,6.0,2,6.3,4.1,2.6,10.0,4.8,49.0
25,Female,Employed,6.2,7.4,6.3,0.4,7.7,6.9,1,9.1,7.2,8.9,8.1,4.3,62.4
27,Male,Unemployed,6.6,2.1,0.0,0.4,9.2,7.2,2,1.8,8.7,8.7,8.5,8.1,40.4
26,Female,Employed,5.0,7.7,5.8,6.7,7.5,5.6,3,8.6,4.4,4.5,3.1,8.3,53.5
44,Male,Employed,5.2,10.0,6.2,1.1,6.5,5.7,0,7.5,5.3,5.9,6.5,5.9,66.0
35,Male,Employed,7.9,5.6,4.2,1.1,7.3,6.7,1,10.5,7.7,6.3,8.0,6.1,49.8
52,Male,Student,5.2,1.0,9.3,0.3,9.3,2.4,5,10.4,7.6,3.5,5.0,4.1,36.4
38,Male,Employed,5.7,4.1,6.8,1.4,7.8,6.1,1,4.9,9.8,4.1,9.6,8.8,46.8
19,Female,Employed,4.9,4.9,8.2,2.4,2.6,8.2,3,7.7,3.7,8.4,5.6,5.7,44.1
27,Male,Student,3.3,6.7,5.6,1.7,7.6,8.3,1,8.5,6.6,5.6,7.6,6.2,56.5
59,Female,Student,5.0,3.8,9.1,2.5,6.7,5.9,2,4.6,5.3,8.4,4.4,6.4,35.1
25,Female,Employed,7.1,7.2,4.7,5.2,5.4,4.1,2,4.9,7.2,10.0,6.0,7.3,54.4
26,Female,Employed,9.6,2.5,6.3,1.2,6.5,8.0,0,3.9,1.3,2.4,5.9,5.8,64.1
35,Male,Student,7.1,6.0,4.8,3.4,7.0,2.7,1,5.3,6.5,4.5,8.6,7.8,60.2
49,Female,Employed,9.5,7.0,5.0,0.5,8.5,5.3,1,9.5,7.5,4.4,7.5,5.3,66.8
51,Female,Unemployed,5.2,5.9,7.5,0.2,5.3,5.6,3,0.6,4.8,7.3,7.9,7.7,37.3
46,Female,Employed,5.7,8.4,6.9,1.3,1.6,6.8,1,7.7,8.6,7.4,7.7,4.2,55.8
35,Male,Employed,8.9,2.5,7.1,0.2,5.5,6.2,1,3.6,3.5,7.6,10.0,1.0,59.5
27,Male,Employed,4.9,4.2,2.7,5.1,3.5,3.1,0,5.6,4.5,6.2,5.7,6.4,49.0
29,Female,Student,8.3,6.2,7.4,0.2,2.6,4.0,3,6.8,4.0,6.6,8.6,6.7,40.3
42,Female,Student,4.4,6.3,3.8,1.2,5.8,2.4,1,9.3,4.8,6.6,6.7,2.3,49.0
54,Male,Employed,5.5,2.6,8.6,5.2,8.2,5.8,1,1.9,5.3,4.0,4.8,2.5,71.5
26,Other,Student,4.7,6.6,3.7,2.7,7.6,9.8,2,8.8,4.3,5.6,1.8,3.4,66.2
35,Other,Student,3.6,5.0,2.6,2.2,8.2,,2,7.7,7.0,7.0,6.9,10.0,44.8
55,Male,Student,3.2,8.2,5.5,0.7,7.7,7.9,1,9.0,5.1,3.0,10.0,5.1,72.7
31,Female,Employed,8.0,3.6,4.7,3.0,2.9,4.0,2,8.1,4.8,3.7,7.2,8.0,40.0
42,Male,Student,8.6,6.8,4.8,4.6,5.5,7.9,0,6.3,5.7,4.4,6.0,5.4,76.6
45,Male,Student,7.4,4.9,4.0,2.0,3.8,1.0,2,8.0,9.2,6.3,6.7,3.7,38.4
46,Female,Student,9.3,4.0,2.9,2.4,5.4,6.2,3,9.0,4.8,1.0,1.6,3.8,57.3
22,Female,Employed,5.9,6.0,9.9,0.4,4.9,4.1,1,5.3,4.4,2.6,7.4,8.9,37.8
36,Female,Employed,8.3,6.7,3.2,3.1,4.8,3.9,1,5.8,4.9,4.3,8.3,7.1,66.0
53,Female,Employed,5.4,7.9,7.3,0.1,9.2,4.2,2,7.4,6.2,7.9,10.0,7.5,55.6
43,Female,Student,4.0,4.2,9.9,8.8,1.7,6.5,3,7.0,6.7,7.4,5.5,3.6,32.0
39,Female,Employed,6.1,6.0,6.2,0.9,6.6,9.2,1,6.7,7.6,7.7,7.4,8.7,38.3
52,Female,Unemployed,7.8,6.5,7.7,0.7,6.1,4.5,2,1.4,6.3,7.4,5.3,5.5,62.2
46,Male,Employed,6.0,5.8,2.7,3.6,7.5,7.0,1,7.1,6.4,6.4,6.0,5.0,56.7
43,Other,Student,6.7,5.2,5.1,0.1,3.7,3.4,4,7.0,4.5,6.4,5.9,7.5,32.1
32,Female,Employed,5.9,5.3,7.4,0.2,2.6,4.3,1,11.6,9.4,6.2,6.9,7.9,31.2
49,Male,Unemployed,6.0,6.2,3.8,1.2,4.8,7.4,3,1.0,5.4,5.6,5.1,6.5,39.3
44,Male,Employed,4.0,6.0,5.8,1.0,3.8,8.3,1,9.2,6.1,2.4,6.4,3.1,59.7
52,Other,Unemployed,8.2,5.7,3.1,2.3,2.8,4.1,2,1.6,6.4,2.7,6.6,5.5,58.0
57,Male,Employed,4.4,8.5,5.7,1.1,2.5,3.5,2,7.4,3.0,1.5,5.7,6.8,40.1
39,Female,Employed,9.8,7.1,6.0,1.7,5.9,3.5,2,8.1,6.4,4.4,9.3,10.0,46.1
31,Female,Student,8.2,5.9,5.7,3.8,3.7,10.0,3,4.1,8.1,5.4,7.1,2.1,67.0
49,Female,Employed,6.8,6.7,1.9,0.4,5.6,5.7,3,12.3,6.1,3.9,4.4,6.5,66.3
31,Female,Student,8.3,6.4,7.1,0.2,8.3,4.6,2,6.5,4.4,6.9,9.2,2.9,67.7
22,Female,Employed,8.0,6.5,5.9,2.2,6.3,7.2,0,6.6,9.4,7.2,,5.0,52.0
19,Male,Employed,5.2,4.9,7.9,1.9,4.3,1.9,2,3.3,6.7,3.1,7.4,5.4,46.8
18,Female,Student,5.0,5.0,6.1,1.9,10.0,2.4,0,15.0,6.2,10.0,6.7,8.1,30.0
52,Male,Student,5.9,9.4,5.4,3.9,0.9,4.5,0,7.8,5.3,3.7,,5.1,61.8
57,Female,Student,5.8,4.5,6.7,6.6,4.0,2.8,1,4.0,3.3,6.6,3.2,9.6,24.9
40,Female,Student,5.6,6.1,7.8,3.6,7.2,8.6,2,7.4,7.7,5.5,7.4,6.1,62.0
28,Female,Employed,8.0,10.0,3.5,1.1,2.5,7.4,3,8.2,5.8,5.2,6.2,9.2,57.4
54,Female,Student,8.2,3.0,7.4,2.3,7.2,7.2,1,7.6,8.8,9.7,3.7,3.9,44.2
19,Male,Employed,4.9,5.9,4.2,4.9,2.0,9.3,6,8.6,4.6,6.5,5.7,6.3,65.9
32,Male,Employed,5.6,6.6,3.6,5.7,4.8,2.8,3,5.2,7.1,6.2,8.9,6.1,54.6
50,Female,Employed,5.3,3.7,2.6,0.5,5.2,3.8,1,7.3,6.0,3.3,3.8,7.6,38.0
20,Female,Employed,6.1,4.1,5.5,0.2,7.2,9.4,0,1.2,5.7,5.5,8.3,4.3,53.4
23,Female,Employed,4.6,6.4,7.5,1.4,7.7,10.0,0,6.8,10.0,4.8,5.6,6.4,46.5
43,Female,Student,7.4,7.9,3.0,0.1,7.6,3.0,3,8.8,8.1,5.1,3.1,6.5,54.9
51,Male,Employed,8.3,4.4,4.2,1.0,4.0,4.8,1,8.8,4.5,8.9,6.2,5.9,52.1
40,Female,Student,8.0,1.0,5.2,0.3,3.8,7.8,3,9.7,6.7,1.5,7.4,4.0,44.2
46,Male,Employed,4.7,3.7,3.6,0.5,8.6,6.6,1,9.6,7.0,5.9,5.1,5.5,42.6
33,Male,Student,5.4,6.0,7.7,4.8,4.6,8.0,2,9.3,8.4,4.5,3.6,5.2,60.4
45,Male,Student,5.9,7.2,6.0,0.3,4.4,5.4,2,7.9,3.7,7.2,5.5,8.9,42.6
52,Male,Unemployed,7.2,,10.5,4.6,9.1,6.0,1,2.6,5.9,10.0,2.4,5.9,38.3
37,Female,Student,6.5,5.7,5.5,0.1,3.6,7.7,2,8.1,5.2,6.8,8.8,3.7,49.5
54,Male,Student,8.3,7.4,5.3,1.4,6.6,10.0,1,9.5,8.5,2.4,9.8,6.9,70.3
56,Female,Unemployed,7.7,7.5,6.6,6.5,7.9,8.4,1,0.1,8.0,6.8,5.0,4.4,72.1
40,Female,Employed,6.4,3.9,5.3,2.4,6.3,3.3,4,5.3,7.9,4.4,5.6,2.0,51.3
19,Female,Employed,7.1,6.4,5.8,0.9,3.2,,2,6.3,4.1,7.3,2.1,5.1,52.3
48,Female,Student,3.9,10.0,2.7,0.0,2.3,2.4,1,8.2,4.3,3.7,,5.3,49.2
20,Female,Unemployed,7.6,10.0,3.7,9.8,5.4,3.7,1,1.7,4.6,7.1,5.2,5.1,82.6
20,Male,Student,7.2,3.4,3.6,0.5,5.9,3.8,2,6.4,6.4,2.7,4.8,4.1,59.2
39,Female,Unemployed,6.3,7.2,6.0,0.1,6.7,7.2,2,0.5,4.9,3.7,8.7,4.8,72.0
54,Male,Student,7.6,9.1,4.5,,4.6,5.8,1,10.3,6.7,6.2,8.8,7.0,53.5
49,Male,Employed,5.2,7.0,6.5,3.5,4.3,5.0,4,11.9,5.4,7.8,4.9,6.5,36.4
29,Male,Student,8.0,7.2,2.8,,7.5,6.9,2,8.9,3.7,2.5,7.3,3.9,69.3
56,Male,Student,5.0,5.1,4.2,1.3,6.9,7.3,2,4.4,6.0,6.1,8.7,3.4,68.3
34,Male,Employed,7.7,4.6,6.9,2.7,4.1,7.4,1,9.8,4.9,1.0,8.2,4.1,63.0
47,Female,Employed,4.9,8.6,6.9,3.6,5.8,5.6,0,8.6,4.1,1.0,8.6,3.7,72.2
28,Male,Student,7.4,4.4,7.5,3.1,7.0,4.1,2,9.9,8.6,1.0,3.5,5.6,54.3
52,Female,Employed,7.1,9.3,4.9,1.1,3.5,8.1,1,8.5,4.8,4.3,6.1,6.6,61.1
43,Male,Student,6.3,4.9,4.6,2.1,5.5,7.5,6,3.1,7.3,6.4,7.1,2.5,55.5
23,Male,Employed,7.0,2.6,5.4,2.0,4.6,7.6,2,3.6,7.1,4.7,5.5,3.9,44.4
54,Female,Employed,8.9,8.1,4.6,2.5,6.3,9.9,2,7.3,7.1,3.4,6.1,2.6,86.2
36,Female,Student,7.5,7.5,5.8,0.9,3.9,2.9,3,4.7,8.3,4.9,5.3,5.0,66.7
40,Male,Student,5.7,3.4,3.6,1.6,5.3,4.9,0,9.1,3.5,2.4,2.9,10.0,33.5
43,Male,Student,5.3,6.6,8.7,2.6,4.5,6.7,1,5.6,9.8,6.1,9.3,3.7,47.8
50,Male,Student,6.5,1.9,2.8,0.3,3.9,4.0,0,7.2,4.1,4.5,5.1,2.5,56.1
29,Male,Employed,8.0,7.4,5.8,0.2,4.4,5.1,1,6.2,5.5,8.8,8.2,5.2,55.9
21,Female,Student,7.7,6.4,3.0,2.8,10.0,2.6,3,10.3,6.3,6.0,8.4,2.3,68.5
18,Male,Employed,8.9,3.9,2.8,1.5,6.2,6.4,5,2.9,10.0,4.3,6.0,8.9,41.2
28,Male,Student,8.5,3.7,6.3,5.4,5.0,8.7,2,10.9,7.6,8.2,2.1,6.4,45.9
26,Male,Student,2.0,7.3,1.6,3.6,8.2,2.3,3,7.0,2.0,9.3,7.4,2.2,61.6
50,Female,Employed,5.0,6.8,2.2,1.6,9.9,5.4,0,12.8,7.0,1.0,5.2,4.7,66.0
57,Female,Student,6.8,5.9,6.0,0.5,1.8,2.8,1,10.3,2.7,5.9,7.3,1.4,56.4
18,Male,Student,7.7,4.0,8.3,0.2,0.0,2.2,2,8.6,5.7,5.0,5.6,3.5,35.4
29,Female,Employed,7.0,7.2,6.8,1.5,7.9,7.5,2,5.4,4.3,1.0,5.2,3.5,82.0
26,Female,Employed,7.8,,7.1,2.4,0.6,5.4,2,5.8,8.3,1.0,4.3,5.4,36.2
44,Male,Employed,5.9,9.1,6.3,0.7,7.9,9.5,4,6.2,8.1,4.8,7.3,2.3,72.7
40,Female,Student,8.2,6.0,3.1,3.0,7.8,,3,4.8,7.8,1.5,5.2,5.4,68.1
29,Male,Employed,2.0,7.8,3.0,0.5,5.7,5.5,2,8.5,5.8,3.5,5.0,5.8,50.7
59,Female,Employed,6.8,10.0,5.0,1.6,7.6,9.8,2,5.4,4.9,1.0,5.8,5.0,79.6
31,Female,Employed,5.3,5.8,6.3,0.9,3.1,5.7,2,6.4,4.5,5.3,7.9,4.5,40.4
34,Female,Student,6.4,3.8,3.0,2.0,7.5,1.4,2,13.0,9.9,7.7,9.3,10.0,30.6
42,Male,Employed,9.3,3.8,5.1,3.6,3.9,6.8,2,11.6,4.6,4.5,10.0,3.9,68.6
19,Male,Employed,6.8,4.7,6.2,1.4,5.3,8.2,4,6.0,5.4,2.0,3.8,4.0,62.0
22,Male,Student,5.5,6.4,1.3,2.0,10.0,9.2,0,6.6,7.3,4.8,4.8,4.3,61.6
53,Male,Employed,7.5,3.4,8.6,3.9,2.7,2.8,1,7.3,3.1,9.2,6.7,4.6,43.0
31,Male,Employed,6.2,3.0,6.9,2.5,1.8,6.0,0,10.9,4.7,6.2,,5.2,40.3
46,Female,Employed,7.7,6.1,7.3,3.4,5.7,6.9,0,11.3,10.0,3.0,6.6,4.1,72.2
23,Female,Student,5.1,4.8,5.8,1.9,3.6,7.6,2,9.4,7.6,5.4,7.0,4.4,54.0
27,Male,Student,4.5,7.8,0.1,3.7,1.8,3.9,2,8.7,4.0,10.0,,6.2,40.8
20,Male,Employed,6.0,2.2,3.7,4.6,4.7,3.5,4,4.8,7.8,6.4,7.1,3.8,48.1
41,Female,Student,3.6,2.4,5.9,1.4,3.0,8.9,4,6.8,5.7,4.8,5.6,9.0,14.3
45,Other,Student,3.4,10.0,9.6,1.5,9.0,4.8,2,3.2,6.6,5.4,8.0,7.1,52.2
43,Female,Employed,2.8,6.8,4.3,0.8,6.4,2.8,2,8.9,4.1,5.7,3.0,8.7,38.3
42,Female,Employed,6.7,6.8,3.1,1.0,4.0,7.1,0,2.8,7.8,7.4,4.5,4.0,56.4
56,Male,Employed,7.7,5.9,3.5,2.9,6.9,9.0,0,8.5,4.7,9.9,8.1,10.0,43.8
26,Male,Student,9.1,8.7,6.3,0.2,6.3,7.5,1,9.6,5.0,3.3,6.6,7.7,63.7
52,Male,Employed,6.4,5.0,4.7,0.8,6.3,2.9,2,8.0,3.5,7.1,4.7,6.5,39.1
37,Male,Student,5.3,7.6,4.3,10.4,3.4,5.1,3,8.3,3.7,4.3,10.0,7.3,65.1
59,Male,Student,4.1,,4.4,3.9,5.3,7.8,0,5.4,8.2,4.5,6.8,5.7,45.4
50,Female,Unemployed,5.2,5.5,4.4,0.2,5.9,5.9,1,1.1,5.9,6.1,6.5,7.1,33.5
50,Male,Employed,6.0,4.6,6.1,2.2,2.0,5.8,3,9.2,7.5,1.0,9.0,9.2,41.8
43,Male,Employed,6.0,6.9,10.0,0.5,3.8,8.1,2,6.0,7.4,4.5,9.0,3.7,59.5
32,Female,Employed,7.5,9.5,3.4,1.8,7.2,10.0,4,11.8,3.8,5.3,5.7,3.0,77.3
20,Male,Employed,8.2,,6.0,1.8,9.7,7.4,1,6.7,6.6,10.0,7.9,3.9,55.7
57,Female,Employed,9.5,,5.5,1.7,7.5,6.4,1,9.9,3.4,3.6,7.0,5.3,61.9
56,Male,Unemployed,5.7,5.1,8.7,0.6,8.9,9.0,4,2.2,6.1,4.9,6.7,8.6,43.3
36,Female,Student,5.9,4.4,4.0,,7.3,5.4,1,8.3,5.3,6.2,7.0,4.7,62.3
18,Male,Student,6.5,5.7,3.6,0.7,5.3,8.8,1,7.0,5.1,4.4,,7.6,48.9
36,Female,Unemployed,8.9,5.2,3.9,3.4,5.4,6.4,0,1.9,8.3,6.7,4.7,10.0,43.2
50,Female,Student,10.3,8.4,5.0,3.8,7.1,6.1,0,9.5,5.0,5.2,9.9,4.4,86.2
45,Female,Student,8.5,7.8,7.8,0.9,5.0,4.8,6,10.5,6.6,8.8,6.3,4.2,57.7
53,Male,Employed,6.9,3.4,6.5,0.4,5.8,7.4,1,8.6,9.6,3.4,8.3,6.0,59.1
28,Male,Employed,9.6,6.0,6.9,2.4,2.8,8.2,4,8.8,7.9,3.9,9.8,3.5,58.4
31,Female,Student,5.7,10.0,3.3,0.6,5.6,9.1,2,10.6,6.7,1.0,8.3,6.7,71.7
54,Female,Student,6.0,4.4,3.3,4.9,8.2,7.7,1,8.3,5.1,3.2,6.5,7.7,51.1
40,Male,Employed,9.4,3.2,3.4,1.3,8.5,6.0,2,8.9,6.6,5.3,7.9,8.0,49.2
29,Male,Unemployed,8.5,6.2,3.6,0.1,4.5,6.8,3,0.5,6.1,9.5,4.3,10.0,27.2
58,Male,Employed,2.9,5.9,3.2,1.2,8.4,5.7,3,8.9,6.5,6.4,5.9,5.4,57.9
24,Male,Employed,5.6,8.6,7.0,2.9,6.5,6.3,2,7.1,8.9,4.5,7.6,4.2,74.4
55,Female,Student,6.8,3.3,3.9,,0.8,8.3,4,8.9,4.8,6.3,6.2,3.0,47.3
22,Male,Student,6.8,8.0,5.8,1.7,4.5,,3,8.7,7.2,8.9,,4.8,43.8
35,Male,Employed,7.3,6.1,7.2,0.2,6.4,8.1,2,3.8,7.9,5.4,6.2,7.8,46.5
45,Female,Student,6.8,6.6,6.5,0.0,3.9,5.7,1,9.4,6.5,4.7,7.3,5.7,41.7
56,Male,Student,5.0,5.1,4.2,1.3,6.9,7.3,2,4.4,6.0,6.1,8.7,3.4,68.3
24,Female,Student,4.8,6.8,6.1,2.7,8.4,9.0,2,4.2,2.8,2.3,8.4,6.5,71.6
27,Female,Student,4.2,5.5,9.9,,5.8,2.4,1,5.2,8.6,6.1,8.9,7.1,46.2
18,Male,Employed,7.5,8.2,3.9,1.4,4.3,8.5,1,5.7,4.5,8.0,6.3,7.5,66.4
27,Male,Student,7.5,9.3,7.8,0.3,1.4,5.5,1,7.2,3.0,9.3,7.5,7.2,44.6
27,Female,Student,4.0,1.7,3.0,0.1,8.1,4.4,3,7.9,7.4,3.5,3.8,7.1,26.0
49,Male,Employed,6.7,2.9,5.0,0.8,4.5,5.7,2,7.4,10.0,10.0,8.7,9.1,22.7
32,Male,Student,7.2,2.5,6.0,1.9,7.6,3.4,1,3.7,5.9,5.2,7.5,5.2,42.7
54,Female,Employed,4.0,4.3,4.9,12.5,6.2,7.2,2,7.3,7.5,7.4,4.6,5.8,53.0
51,Female,Unemployed,5.2,6.4,4.3,1.8,5.9,5.9,1,2.3,6.2,7.8,3.7,4.4,47.4
39,Female,Employed,7.7,2.2,3.4,1.4,1.8,4.6,0,9.4,7.9,7.9,,9.2,14.4
44,Female,Employed,7.3,8.4,6.6,1.8,6.3,5.8,1,10.4,4.6,4.8,8.4,4.5,64.1
32,Male,Student,6.4,7.1,4.2,0.3,8.9,9.0,5,6.4,5.9,4.7,2.2,4.8,65.4
36,Male,Student,7.1,6.0,9.5,1.7,4.1,5.3,1,4.2,8.9,7.4,6.3,7.2,37.7
23,Male,Employed,7.7,2.5,8.9,1.6,7.4,7.4,2,5.0,7.3,5.1,4.6,7.9,36.2
46,Female,Unemployed,3.9,5.7,5.9,0.7,7.3,4.0,4,0.0,5.4,3.3,,5.2,48.2
25,Female,Student,7.2,5.1,5.9,0.0,8.1,6.8,3,7.7,7.6,5.9,6.8,1.8,74.4
35,Other,Student,7.8,6.2,7.2,6.2,6.9,,2,7.3,5.5,6.5,9.3,3.7,84.0
34,Female,Unemployed,6.0,5.1,3.0,2.2,6.1,7.6,6,0.0,5.0,3.2,9.2,1.0,71.9
53,Other,Employed,6.0,6.2,4.3,0.1,6.1,7.2,3,7.4,8.4,1.3,4.5,5.8,58.5
46,Male,Student,6.2,7.1,2.5,0.8,6.7,7.5,2,6.1,6.3,8.4,5.1,5.2,52.4
29,Male,Employed,8.5,6.2,8.7,0.3,5.6,3.9,1,3.7,7.4,3.6,7.4,7.5,59.3
34,Male,Student,5.1,4.0,4.8,0.9,10.0,7.1,6,11.0,5.3,5.2,5.8,9.3,53.0
49,Male,Student,5.5,6.0,5.8,5.2,8.2,4.5,4,9.1,4.1,3.9,3.5,7.1,51.5
48,Male,Employed,6.3,1.9,8.0,5.8,5.6,7.2,2,7.5,5.7,4.6,7.0,6.4,28.2
18,Female,Employed,7.9,5.3,8.6,0.7,6.6,4.5,2,10.5,5.4,10.0,4.5,8.6,30.9
32,Male,Employed,7.7,6.5,3.0,0.1,6.0,5.6,4,6.6,7.0,2.5,3.9,6.7,48.7
43,Male,Employed,5.4,6.9,5.8,8.0,3.1,4.2,3,5.1,7.4,8.2,7.8,4.8,53.1
50,Other,Unemployed,6.6,4.7,4.3,5.7,7.6,6.5,1,0.3,5.3,6.6,8.7,7.8,63.8
55,Female,Student,7.0,7.6,3.2,4.4,4.0,,2,5.9,6.5,4.6,8.6,9.0,58.7
50,Male,Employed,3.5,3.7,4.5,1.1,5.3,4.6,1,9.4,7.3,5.1,,4.6,49.7
20,Female,Student,3.9,4.8,4.6,4.7,7.0,7.4,2,5.3,8.1,1.8,7.3,7.0,60.6
27,Female,Employed,8.0,6.7,8.0,1.9,8.4,5.3,2,6.5,7.5,3.3,8.9,10.0,44.4
28,Male,Student,8.4,6.4,10.2,2.9,5.5,5.5,2,7.0,8.7,9.1,9.4,5.7,56.4
56,Male,Employed,7.6,4.9,2.9,1.4,5.5,6.7,0,9.3,6.6,2.0,9.0,6.4,63.6
29,Female,Employed,8.7,1.3,1.0,2.6,2.7,5.6,3,5.1,6.7,1.0,7.8,4.5,48.6
47,Male,Student,9.7,6.7,3.9,0.2,5.2,8.7,3,6.9,5.8,3.2,5.9,4.5,60.3
34,Male,Employed,3.0,5.2,7.9,8.2,6.1,6.9,1,7.0,9.1,8.4,6.0,5.3,45.6
45,Female,Employed,6.1,10.0,5.5,2.1,6.7,6.7,4,6.8,5.2,6.5,,8.5,61.2
28,Male,Student,5.8,5.9,6.0,1.4,4.4,6.9,3,7.3,7.2,5.8,10.0,2.2,67.8
51,Male,Unemployed,6.3,5.6,6.0,0.0,5.3,5.2,2,2.0,6.7,5.0,4.4,3.9,46.7
58,Female,Employed,5.9,8.5,7.7,0.9,5.3,4.9,1,5.2,7.0,9.9,8.8,5.9,56.1
45,Male,Unemployed,3.7,5.3,4.6,6.9,8.6,7.1,2,0.5,3.6,1.8,6.8,1.0,96.0
42,Female,Employed,6.1,5.8,5.9,2.7,4.1,6.5,1,7.2,4.9,8.0,10.0,1.7,62.8
38,Male,Employed,8.3,4.8,5.4,1.3,7.9,4.1,0,10.3,6.3,5.0,7.9,4.7,65.8
24,Female,Student,7.6,5.9,4.8,1.1,0.4,5.5,2,7.9,6.1,3.1,9.1,5.2,51.4
45,Male,Student,8.8,7.4,5.6,0.8,6.5,4.7,3,6.2,2.1,8.1,7.2,4.3,66.3
56,Female,Student,3.6,2.2,2.4,4.6,5.6,4.1,6,6.8,2.4,3.7,6.6,8.2,40.0
18,Male,Student,5.2,4.6,5.1,1.9,5.5,7.9,4,4.7,2.4,9.8,7.4,6.1,45.4
30,Male,Student,7.7,6.2,9.1,1.3,4.1,3.2,2,10.3,8.6,5.2,5.0,4.0,48.2
42,Female,Employed,6.7,4.6,4.5,0.8,3.2,4.0,3,7.6,6.0,6.4,6.0,4.4,53.6
32,Other,Employed,5.6,7.5,8.2,0.2,0.1,3.0,4,8.9,5.9,6.4,5.0,4.1,39.3
18,Female,Employed,8.0,10.0,4.9,1.8,6.7,4.8,1,9.9,7.4,3.2,4.2,5.4,77.1
37,Female,Employed,8.2,3.3,10.5,0.7,8.2,7.7,3,8.5,7.3,3.0,4.0,6.9,37.4
18,Male,Employed,6.5,10.0,6.1,3.2,6.0,6.0,5,10.9,6.0,4.8,8.9,7.2,70.2
44,Female,Employed,6.7,7.8,4.5,2.8,8.0,4.8,1,6.5,3.6,2.4,4.9,9.0,55.8
19,Male,Student,7.2,7.2,7.4,4.4,6.9,6.9,2,9.1,6.9,2.5,9.7,3.5,76.3
18,Female,Employed,6.5,9.1,3.9,2.6,6.2,6.7,1,2.1,4.1,6.2,5.4,1.7,65.1
22,Male,Student,7.1,5.2,6.8,0.3,6.5,8.9,2,9.9,8.8,3.4,7.9,8.7,49.2
31,Female,Student,9.8,7.4,9.9,5.3,4.2,6.0,1,7.3,5.5,8.2,10.0,1.5,72.9
22,Female,Student,8.3,8.6,7.3,3.3,5.2,,5,8.4,7.7,6.0,8.0,3.5,71.6
26,Male,Student,7.5,1.9,2.0,2.9,7.2,7.4,1,6.4,4.8,1.0,6.4,6.9,47.0
55,Other,Employed,4.9,6.7,4.5,4.6,3.9,8.4,1,3.6,3.7,6.8,5.4,7.2,45.2
41,Female,Employed,5.5,7.1,5.9,0.9,6.6,4.4,3,5.1,5.6,6.3,8.1,4.5,61.5
21,Other,Employed,9.8,3.4,9.4,4.7,3.8,5.6,2,6.2,7.7,5.2,10.0,2.7,56.8
43,Female,Student,7.5,6.6,5.2,0.5,5.8,6.1,1,8.4,5.6,1.0,8.8,6.4,62.5
50,Male,Student,2.9,5.0,7.1,4.2,5.6,6.6,1,7.4,7.6,6.9,5.8,6.3,34.8
41,Female,Student,6.5,4.5,7.0,4.1,5.9,6.5,2,5.9,8.2,3.4,6.5,4.3,46.7
43,Female,Employed,4.6,3.0,6.5,7.7,4.2,6.7,2,5.4,6.7,1.5,10.0,6.5,60.3
25,Female,Employed,8.8,8.3,7.2,3.2,3.0,7.5,2,4.9,5.3,7.2,6.9,10.0,42.5
29,Female,Student,7.8,10.0,6.9,4.8,8.7,5.6,4,5.6,8.1,7.2,2.4,5.6,81.4
52,Male,Unemployed,6.6,5.2,22.814041556538662,0.4,3.5,2.9,2,0.5,5.6,10.0,4.1,7.8,25.2
20,Female,Student,6.3,7.7,5.9,1.6,3.8,7.4,4,2.0,5.8,7.4,6.8,5.1,57.7
49,Male,Unemployed,5.8,7.3,5.6,13.0,5.7,2.7,3,0.9,10.0,9.7,4.2,4.9,48.7
35,Female,Student,7.9,4.0,6.0,1.5,3.6,3.3,2,6.5,1.8,7.3,4.3,4.7,50.0
27,Female,Employed,7.4,7.0,8.3,0.0,2.7,6.3,3,9.3,5.0,8.2,5.0,3.0,52.3
49,Female,Student,8.3,4.2,4.2,1.3,6.0,6.7,3,8.1,1.0,2.1,8.3,6.5,67.1
33,Male,Employed,6.1,9.1,0.1,0.2,6.2,9.1,1,5.5,3.5,3.9,3.8,3.5,75.3
37,Male,Employed,3.2,6.1,1.2,10.0,0.5,3.6,4,9.2,6.3,10.0,4.0,4.7,39.0
25,Female,Unemployed,6.6,5.8,4.2,3.2,9.7,5.8,1,0.5,5.0,9.2,6.0,3.0,62.1
29,Female,Student,5.3,8.4,9.2,0.7,3.8,4.0,3,6.5,3.2,5.6,,1.4,73.3
20,Female,Student,3.1,6.7,6.6,3.7,7.9,2.4,1,7.3,6.0,6.6,5.1,5.7,51.4
39,Male,Employed,8.5,4.1,2.3,1.8,8.5,4.5,3,7.9,5.9,2.0,,6.3,63.1
38,Female,Student,7.3,7.0,7.3,2.4,3.7,7.2,1,5.7,8.8,6.3,1.2,6.0,45.0
28,Male,Employed,4.3,8.3,7.4,0.0,1.1,8.1,1,6.6,7.5,4.8,7.3,4.4,47.2
36,Female,Student,8.0,8.4,7.6,10.0,3.5,6.7,0,2.5,2.9,7.5,6.2,8.8,50.7
26,Female,Student,7.5,5.0,6.0,5.2,3.2,2.2,1,5.2,8.5,10.0,5.7,9.4,28.7
42,Female,Student,8.3,5.7,4.1,3.6,6.1,6.0,2,3.7,4.6,5.8,9.2,5.0,58.7
21,Female,Student,8.9,7.2,1.1,0.3,4.9,6.5,1,4.7,5.2,6.5,8.0,2.9,69.5
50,Male,Student,6.2,5.8,3.2,2.5,7.2,4.3,2,7.9,6.6,9.6,10.0,7.5,54.9
42,Male,Employed,7.2,4.4,9.7,0.5,7.3,4.2,3,5.6,6.4,3.5,8.2,7.2,35.8
43,Female,Student,2.7,6.1,1.7,0.3,8.3,9.2,1,8.4,9.2,6.7,2.5,5.1,40.9
26,Female,Student,6.5,8.8,5.4,5.6,8.2,4.3,2,8.7,7.3,2.5,,7.6,59.4
34,Male,Student,4.6,9.9,5.9,1.7,1.2,7.1,0,8.8,6.3,8.6,7.5,10.0,37.2
57,Male,Employed,5.3,7.5,7.1,5.3,5.5,5.8,3,9.4,1.9,3.7,9.3,4.9,71.3
36,Male,Employed,5.5,2.9,3.3,11.0,5.2,8.4,2,8.3,2.3,5.3,9.0,3.8,62.4
52,Female,Student,7.1,5.6,6.8,10.1,0.0,3.2,2,6.4,7.0,6.8,8.2,3.0,56.3
24,Female,Employed,5.3,5.4,4.5,0.0,6.4,7.2,1,5.4,6.9,3.8,5.7,7.4,47.4
57,Female,Employed,5.2,10.0,3.2,0.3,2.2,5.4,1,6.1,7.5,6.0,5.6,5.6,52.3
40,Female,Employed,7.6,3.6,5.9,0.6,2.9,4.4,1,9.0,7.8,4.9,7.6,2.9,55.8
44,Male,Student,5.8,1.0,4.5,0.3,2.6,6.9,7,7.2,9.0,5.9,7.7,9.1,15.8
23,Male,Employed,6.9,2.7,3.3,4.4,5.7,6.3,6,7.8,7.9,7.3,9.2,6.9,49.5
47,Male,Student,7.3,9.7,6.7,7.6,8.8,1.7,2,7.7,8.0,1.8,5.5,4.4,80.1
37,Male,Student,6.5,7.2,5.3,0.3,9.5,4.6,1,9.0,5.5,1.0,4.1,8.1,48.3
41,Female,Unemployed,6.0,3.0,5.0,0.1,3.0,4.8,1,0.8,3.5,3.1,4.3,4.8,37.6
41,Male,Student,5.0,4.2,5.2,13.5,8.6,6.0,4,6.7,6.3,10.0,,4.0,55.8
32,Female,Student,4.7,6.0,3.4,0.9,7.2,9.6,1,9.1,10.0,10.0,8.6,7.3,51.4
59,Female,Student,5.1,6.2,3.4,1.2,6.0,4.3,3,3.9,6.4,8.2,6.1,6.8,42.3
30,Female,Student,5.2,4.6,2.4,0.3,3.1,4.9,4,6.3,5.7,7.0,2.9,3.6,39.7
29,Male,Employed,5.8,4.7,2.4,0.6,3.2,8.7,2,8.0,6.9,3.7,10.0,6.1,60.9
51,Female,Employed,8.6,4.6,2.1,2.2,3.1,,3,9.4,4.8,2.0,5.7,4.8,63.0
57,Female,Student,6.2,8.1,5.0,2.9,6.4,8.0,2,5.0,3.6,5.9,8.0,3.4,80.0
32,Female,Employed,5.5,9.1,3.5,0.3,10.0,6.8,1,9.7,6.7,5.5,5.6,2.3,85.9
38,Female,Student,7.4,6.2,4.5,4.3,5.8,8.5,3,7.2,4.1,7.0,4.4,3.0,71.9
53,Male,Student,4.2,5.3,1.5,0.7,8.3,5.4,0,2.6,5.9,6.9,6.5,5.7,44.1
54,Male,Student,6.4,6.0,6.7,0.7,5.7,5.8,1,5.6,4.2,3.5,,6.5,49.2
30,Male,Student,7.1,5.9,4.7,1.1,3.2,5.5,1,8.1,6.6,7.4,7.7,3.9,42.6
21,Female,Employed,6.4,,7.4,0.4,4.6,5.9,2,10.1,6.2,6.2,10.0,6.0,50.0
47,Female,Employed,5.0,4.5,8.1,5.2,7.5,,0,6.4,5.5,3.6,9.4,5.0,63.1
39,Male,Student,6.3,7.4,4.6,0.6,5.1,6.1,1,9.1,6.1,2.8,3.1,8.4,54.0
18,Male,Unemployed,8.9,8.5,6.2,8.4,7.7,6.6,2,1.6,4.1,10.0,5.7,5.0,71.1
41,Male,Student,7.8,4.9,5.8,5.6,2.9,8.3,1,8.3,7.9,5.8,4.2,6.8,52.1
19,Female,Student,7.8,7.0,8.5,1.4,5.4,4.5,0,7.0,8.0,1.3,7.4,4.6,61.8
52,Female,Student,5.3,3.8,0.9,1.1,3.2,6.0,2,11.1,7.5,9.9,4.8,2.9,28.6
28,Female,Employed,6.0,8.0,4.9,12.4,5.2,8.4,4,8.3,2.9,7.1,8.0,6.7,62.8
44,Male,Employed,7.6,9.3,3.3,3.2,5.2,8.0,3,7.5,8.0,3.7,4.8,4.4,65.4
44,Male,Employed,6.4,7.6,4.5,1.9,3.7,7.2,0,4.0,4.8,6.1,,3.9,56.6
28,Other,Student,6.4,8.8,2.9,1.8,1.0,5.6,1,4.4,8.5,5.1,3.2,6.5,40.1
53,Female,Unemployed,6.0,4.0,4.4,1.0,7.4,4.7,2,2.2,5.7,5.0,5.3,3.8,54.0
52,Male,Student,4.8,6.5,2.4,0.1,7.2,4.8,1,9.3,8.6,1.5,6.3,7.7,54.9
59,Female,Employed,7.3,6.1,5.2,2.2,3.4,5.9,1,5.9,1.3,3.8,5.9,5.2,62.8
21,Male,Student,4.1,5.1,3.2,4.0,5.1,5.2,1,9.2,5.9,4.9,6.0,4.2,64.2
36,Female,Student,6.5,5.0,9.5,2.0,4.7,8.8,4,5.3,8.6,4.3,8.1,1.0,72.8
33,Female,Unemployed,8.1,10.0,1.4,0.1,9.5,8.2,1,0.0,3.7,3.8,6.7,5.6,87.8
25,Male,Unemployed,7.2,7.4,7.2,1.5,3.7,7.6,2,1.3,7.5,3.7,5.7,5.5,56.0
38,Female,Student,6.3,5.9,2.2,1.1,7.5,4.6,4,1.9,6.0,3.0,7.9,5.8,69.7
46,Male,Student,6.5,5.9,7.6,3.6,9.2,7.4,0,3.1,4.7,4.7,8.4,4.8,71.2
55,Male,Unemployed,6.8,6.2,4.6,0.2,9.1,6.8,1,1.0,7.6,5.8,7.4,6.6,61.9
22,Male,Student,6.4,4.1,6.2,0.7,3.8,4.6,3,12.4,5.5,9.7,1.3,6.4,12.7
35,Female,Student,6.4,7.8,3.1,1.3,3.0,6.6,2,9.4,9.4,6.0,4.8,6.2,48.8
34,Male,Employed,7.8,7.0,4.0,5.7,1.0,5.4,1,9.8,4.4,3.8,9.3,6.0,63.8
37,Female,Employed,6.0,2.7,5.6,0.1,6.6,7.2,2,5.7,5.8,4.6,5.1,5.5,48.9
36,Female,Student,8.3,7.6,9.3,1.2,5.4,8.0,1,2.0,3.4,6.5,2.5,4.0,57.3
43,Female,Employed,5.4,7.4,5.8,0.4,2.9,8.5,3,5.2,5.3,7.0,1.4,5.6,54.9
40,Male,Student,6.7,9.1,4.1,5.5,8.2,2.1,3,3.9,6.4,10.0,8.3,1.4,77.9
41,Male,Student,7.2,5.2,2.1,0.1,7.8,4.7,1,11.4,5.1,5.2,5.9,5.2,57.2
25,Female,Unemployed,8.8,4.8,6.0,5.3,3.6,3.7,0,0.1,9.9,5.4,6.2,2.9,54.8
29,Male,Unemployed,6.8,4.8,3.7,3.3,5.5,8.5,6,3.5,5.1,6.9,6.3,8.1,50.8
58,Female,Student,5.4,,4.9,11.2,5.9,4.3,4,8.0,4.8,5.7,6.7,7.8,59.1
27,Female,Employed,6.5,6.6,10.6,0.3,5.6,9.6,4,8.0,8.2,8.2,5.6,6.9,33.4
41,Female,Student,6.7,6.6,3.3,4.1,6.5,1.0,5,5.7,3.0,4.9,,8.5,53.8
45,Male,Employed,6.0,6.2,8.5,0.6,8.1,7.8,1,10.3,7.5,4.4,6.7,4.8,52.5
52,Male,Employed,4.1,10.0,10.5,1.5,4.9,2.2,0,8.7,8.5,7.0,1.3,4.0,49.0
32,Male,Employed,5.5,6.5,4.6,0.8,4.6,6.9,5,7.1,6.9,2.6,6.4,5.8,42.5
27,Male,Employed,6.9,7.8,4.1,0.6,3.8,5.9,1,11.4,5.4,2.4,8.9,5.5,61.9
53,Male,Student,6.8,8.4,6.0,1.8,10.0,4.9,3,9.6,3.0,8.6,5.1,3.9,72.2
52,Female,Employed,8.2,7.9,8.9,4.6,5.8,3.5,0,8.4,6.5,1.8,3.8,5.0,70.3
45,Female,Unemployed,6.4,4.0,8.2,0.6,6.4,6.1,2,2.5,8.3,5.9,8.3,3.7,47.5
53,Female,Student,4.9,,5.0,0.1,6.1,8.1,2,8.7,7.5,3.6,3.9,4.8,45.6
56,Female,Student,7.6,3.0,4.6,0.6,5.4,2.9,3,6.0,5.8,8.2,7.7,1.0,53.3
58,Male,Student,8.1,3.0,10.5,,6.5,8.0,4,8.5,2.9,4.7,8.0,5.9,62.4
22,Female,Employed,4.6,5.0,4.0,0.2,9.6,6.6,0,9.4,8.2,7.0,3.6,7.9,34.5
50,Female,Employed,8.2,,3.2,3.1,7.4,2.5,2,10.3,7.2,3.5,2.5,5.1,55.5
19,Male,Student,7.8,7.3,3.6,0.7,8.2,,1,9.0,6.6,1.0,3.1,6.7,67.2
27,Female,Employed,7.4,4.0,8.5,0.0,5.4,7.9,2,6.5,8.0,5.8,6.8,4.7,57.4
18,Male,Student,4.8,5.9,7.5,1.1,2.5,5.4,0,4.4,5.1,2.3,7.7,2.8,41.2
29,Male,Employed,8.5,5.2,4.8,0.2,3.9,7.9,4,8.0,10.0,3.8,8.4,2.4,60.4
48,Male,Student,6.3,3.3,3.2,3.1,0.6,3.1,2,5.9,4.9,7.7,6.2,4.7,33.5
53,Female,Student,5.7,6.5,3.4,1.6,10.0,8.8,3,6.6,8.5,4.5,7.2,6.7,62.9
38,Female,Employed,6.1,6.9,7.2,2.3,4.2,,2,8.3,8.2,7.5,,8.3,52.9
31,Other,Employed,9.1,6.1,6.6,4.5,8.2,7.0,2,8.8,7.6,1.5,7.0,8.9,70.3
45,Male,Student,5.1,5.0,5.1,0.8,7.1,6.5,2,5.6,10.0,7.7,7.1,4.2,40.0
19,Male,Employed,7.0,9.4,7.3,1.8,0.0,9.7,1,5.6,2.9,3.3,9.4,9.4,48.9
59,Male,Student,3.9,4.2,7.6,0.6,8.0,3.6,2,6.8,3.1,1.9,5.3,7.7,39.9
30,Male,Student,6.9,5.4,5.0,0.2,5.2,5.6,1,3.9,3.2,3.2,10.0,7.2,64.1
57,Female,Unemployed,5.9,5.8,6.9,1.0,8.4,,3,0.0,6.1,7.7,8.0,3.6,63.8
31,Other,Student,7.1,7.8,6.9,0.2,5.4,6.6,3,8.3,9.0,1.9,6.4,5.7,57.5
23,Male,Student,4.9,9.9,5.5,10.0,3.6,6.7,4,5.8,4.0,7.4,5.9,6.2,60.0
58,Male,Employed,5.2,7.5,6.4,2.6,2.3,6.9,1,8.9,5.6,5.2,5.3,4.2,55.0
20,Other,Student,5.7,,5.7,0.3,6.5,,0,8.2,6.2,3.7,8.0,6.7,62.6
34,Other,Employed,6.0,8.0,4.5,0.3,7.7,5.2,3,8.5,6.4,1.0,8.9,6.3,65.9
39,Male,Unemployed,6.9,6.1,4.8,0.1,10.0,8.8,1,0.5,6.0,5.5,0.0,2.3,68.3
34,Female,Student,6.9,5.1,5.6,2.6,2.3,1.8,3,8.7,9.3,2.9,8.5,5.4,49.7
40,Other,Student,3.9,3.4,3.5,,5.5,6.0,1,7.1,4.1,4.1,5.2,4.5,61.9
30,Male,Employed,7.6,8.8,4.3,0.2,2.0,6.8,4,10.2,6.4,6.4,7.7,6.0,57.5
42,Male,Unemployed,7.4,6.5,5.6,3.5,4.9,7.5,1,1.0,7.6,8.5,4.8,1.0,68.2
29,Female,Employed,5.9,4.7,8.1,2.5,5.8,5.7,3,7.6,8.2,3.4,7.2,8.7,36.4
53,Female,Student,5.4,5.7,5.9,1.0,2.7,7.2,1,5.7,3.0,4.1,4.2,7.3,42.0
52,Male,Student,6.6,5.9,5.0,2.7,3.7,6.4,2,7.2,7.8,1.2,6.0,7.2,60.5
49,Female,Student,7.8,7.6,7.0,6.6,5.1,2.7,1,6.5,7.5,3.6,4.4,5.1,56.1
21,Male,Student,7.0,2.0,6.1,2.5,7.6,7.7,2,7.9,10.0,1.5,8.2,6.4,64.6
25,Male,Employed,7.5,4.1,4.4,1.6,6.4,7.9,3,7.0,8.0,5.5,8.3,5.9,59.7
49,Male,Unemployed,6.3,7.5,5.8,1.0,4.3,5.6,0,1.3,8.8,5.2,6.9,1.1,71.3
55,Female,Student,6.5,6.5,3.6,3.2,3.5,9.4,4,11.5,4.5,4.2,6.2,7.0,57.5
26,Female,Student,6.6,7.6,4.9,1.5,7.8,8.3,3,6.9,4.7,3.4,2.0,5.4,70.2
32,Female,Student,7.6,9.0,4.0,1.8,6.7,10.0,0,9.6,5.4,3.5,4.5,3.3,76.9
58,Male,Employed,4.8,4.7,5.2,0.8,7.5,9.3,7,11.3,7.7,2.5,4.4,7.5,42.7
42,Female,Employed,4.8,6.3,2.4,1.8,4.9,6.2,0,9.7,7.1,10.0,5.9,6.1,36.5
35,Other,Student,5.5,,6.5,0.5,3.9,7.8,3,9.2,9.6,8.8,9.6,4.7,42.1
31,Female,Student,6.3,9.4,6.9,5.3,4.1,4.7,2,6.6,4.8,8.9,9.6,3.1,71.9
59,Male,Employed,6.0,5.5,8.5,2.1,10.0,2.8,1,10.3,9.8,7.5,5.2,4.2,48.5
19,Other,Unemployed,4.6,8.5,7.9,3.6,3.9,3.4,4,0.0,6.5,6.3,9.1,4.2,59.3
32,Female,Student,9.0,8.3,5.4,0.3,3.7,6.7,2,7.9,3.6,7.2,3.7,3.7,62.1
47,Female,Student,9.5,5.6,5.2,8.1,4.2,7.6,3,9.3,6.5,4.5,5.4,2.5,70.6
28,Male,Student,7.3,6.6,2.6,8.3,4.1,6.6,2,7.1,5.2,3.0,6.8,1.8,71.8
47,Male,Unemployed,10.2,4.9,8.1,2.7,5.8,7.6,2,0.0,8.5,8.2,5.0,3.9,48.2
38,Male,Student,5.9,5.8,9.4,0.0,8.7,6.9,3,7.8,5.3,5.6,5.2,2.9,59.7
59,Female,Employed,6.5,,7.4,8.0,2.8,5.6,3,10.3,5.1,9.0,8.1,5.9,57.1
35,Female,Student,9.4,4.5,7.9,1.2,6.7,7.3,0,5.8,5.4,4.5,7.9,3.7,74.0
56,Female,Student,9.3,5.7,2.4,2.3,5.9,1.0,2,4.6,10.0,8.1,7.7,7.3,41.2
23,Male,Student,6.5,3.2,3.8,0.5,7.3,4.9,2,6.9,5.1,7.5,10.0,3.2,53.4
37,Female,Student,8.3,4.9,4.4,0.1,6.8,9.5,1,8.9,7.7,10.0,5.5,5.3,53.5
40,Male,Unemployed,4.7,7.5,6.2,1.0,0.0,5.7,2,0.7,7.2,7.0,,3.2,43.6
53,Female,Unemployed,7.8,5.8,28.921121406377665,12.3,6.0,3.1,1,0.5,5.8,5.4,8.3,5.0,68.4
51,Female,Employed,7.2,7.5,5.6,0.1,5.4,5.4,4,5.2,10.0,5.3,6.7,5.0,53.2
43,Female,Employed,4.4,9.4,1.2,5.1,5.1,6.9,1,6.5,5.8,5.9,5.8,2.7,79.4
18,Female,Student,5.9,1.0,5.6,2.0,4.7,,3,7.6,4.2,4.7,5.1,3.8,36.1
32,Other,Student,5.8,3.8,5.1,6.1,2.2,8.4,0,6.9,5.4,6.0,6.9,7.6,41.4
46,Female,Unemployed,6.3,3.7,4.7,11.9,3.2,6.0,3,0.3,5.0,3.6,,9.2,39.3
34,Male,Student,6.9,7.4,5.3,1.4,4.2,5.9,3,4.6,4.4,7.4,5.2,5.9,49.3
40,Male,Employed,5.0,4.3,3.8,4.0,6.5,9.5,3,4.6,6.2,6.2,5.6,7.4,43.5
42,Female,Student,6.5,7.1,1.0,0.1,5.5,8.6,1,6.5,4.6,10.0,4.7,2.2,60.0
51,Female,Student,8.4,6.0,4.3,1.7,6.2,4.6,2,9.5,3.8,1.6,1.7,4.0,55.0
47,Other,Student,8.0,7.9,3.8,0.5,8.5,1.5,0,7.4,8.9,4.2,10.0,1.0,70.2
19,Male,Unemployed,4.6,2.7,8.6,2.9,6.4,4.1,4,1.0,6.4,4.6,10.0,5.6,36.6
58,Male,Student,5.6,4.8,5.0,0.6,8.6,5.3,1,7.4,5.4,6.6,8.4,3.3,55.7
52,Female,Student,4.5,5.7,4.3,1.2,5.6,9.7,5,7.2,5.4,3.5,10.0,9.0,45.6
26,Female,Employed,6.6,6.2,9.6,0.5,5.2,7.9,1,8.1,5.7,7.2,3.6,4.8,45.6
45,Female,Unemployed,7.3,3.2,4.1,,7.1,8.2,1,1.6,7.1,4.3,3.1,3.0,62.2
43,Female,Employed,9.8,6.4,2.1,6.1,5.8,5.1,3,5.0,6.9,5.4,0.0,8.1,62.2
29,Female,Employed,9.6,8.5,2.7,0.4,7.7,1.0,2,14.7,5.7,7.2,2.1,7.2,55.4
40,Female,Student,6.7,9.0,9.4,10.0,4.7,3.1,1,9.2,5.4,2.2,4.9,4.9,66.2
40,Male,Student,4.3,8.0,6.0,3.2,2.6,6.1,2,8.8,8.4,6.3,5.4,2.5,61.4
39,Female,Student,7.8,4.9,1.5,0.2,2.0,3.9,1,11.1,1.8,7.5,5.7,4.5,51.2
22,Female,Unemployed,4.3,5.0,2.7,2.0,3.1,3.7,2,0.9,2.0,6.7,4.8,5.6,45.1
57,Male,Employed,8.4,5.1,6.2,2.4,5.7,6.9,1,7.4,8.8,1.0,8.7,6.8,66.9
47,Female,Employed,7.7,4.2,7.4,1.2,6.8,7.4,4,10.4,3.3,2.5,,4.4,53.2
22,Male,Unemployed,5.7,4.8,1.5,6.7,6.9,9.9,3,0.3,6.4,5.4,1.0,2.8,67.5
19,Male,Student,5.7,6.4,5.3,0.6,5.6,4.7,2,7.8,2.7,3.6,4.7,6.5,47.3
39,Female,Unemployed,2.9,4.7,6.3,0.4,5.9,6.3,1,0.0,4.7,5.4,2.6,4.0,38.2
56,Female,Student,6.9,5.4,2.8,0.5,6.6,4.0,4,5.3,5.8,1.8,8.8,1.0,81.3
46,Male,Employed,6.0,9.3,10.0,5.2,7.1,9.0,2,9.7,6.3,4.8,,3.8,75.6
48,Female,Student,6.7,6.5,1.8,2.6,3.8,5.8,2,8.8,10.0,2.8,5.0,4.8,54.1
37,Male,Student,8.9,,6.8,0.8,3.9,8.6,1,8.9,6.7,4.2,4.1,5.5,56.4
49,Male,Employed,5.2,2.1,2.4,1.4,3.1,5.6,1,6.5,5.8,8.5,6.1,3.5,38.6
25,Male,Student,7.5,6.9,7.9,0.9,10.0,5.6,2,9.5,6.8,3.7,6.8,3.0,58.9
56,Female,Student,6.6,3.3,4.6,1.9,6.9,2.7,3,9.6,1.3,7.5,2.8,5.7,37.6
51,Female,Student,4.7,4.6,6.2,4.5,8.3,7.6,2,10.4,4.2,3.4,3.9,1.1,60.7
56,Male,Unemployed,6.1,3.9,2.6,9.5,6.9,4.9,2,2.2,7.9,7.3,9.0,8.0,51.9
37,Male,Employed,4.1,10.0,6.0,2.7,6.8,2.8,3,5.0,6.3,5.1,8.9,6.8,66.8
29,Male,Student,8.2,2.6,6.4,6.8,6.6,7.4,2,11.8,3.2,4.8,,9.6,39.2
22,Male,Employed,8.1,8.6,2.4,3.6,3.0,5.6,1,11.2,5.7,6.5,2.5,3.8,55.8
47,Male,Employed,7.7,7.1,4.7,3.8,4.2,5.9,1,6.3,1.4,3.0,6.3,7.1,70.1
25,Female,Student,6.7,5.6,4.7,4.5,9.5,8.8,4,3.8,9.9,2.2,5.8,7.5,48.7
55,Male,Student,7.6,6.0,6.3,1.8,5.7,7.2,2,7.2,5.5,8.9,9.5,4.7,57.0
38,Female,Employed,5.1,4.4,5.7,2.2,4.4,6.5,2,9.4,5.8,4.3,7.6,6.3,52.1
53,Female,Student,3.6,10.0,5.5,3.4,5.4,6.2,2,6.6,7.1,3.5,9.3,6.5,69.9
59,Other,Student,4.6,4.9,8.9,1.7,7.4,5.0,2,5.8,8.8,2.5,6.5,6.2,46.5
43,Male,Student,6.7,5.5,6.7,1.0,8.1,10.0,0,8.0,6.4,2.6,6.9,4.5,62.2
19,Female,Employed,5.4,6.8,1.3,0.7,4.0,5.6,0,10.3,7.9,3.9,8.8,4.0,65.3
34,Male,Employed,9.0,1.9,6.2,3.7,5.2,9.3,2,4.9,3.6,6.5,4.4,3.7,55.9
49,Female,Employed,5.9,8.3,4.8,3.7,3.7,4.1,3,4.8,5.9,2.8,4.2,8.9,53.2
41,Male,Student,8.8,8.6,7.4,4.8,4.9,5.1,5,5.2,4.8,3.0,4.4,7.3,54.0
47,Male,Unemployed,8.3,5.4,6.5,4.4,5.6,8.7,4,0.0,6.0,4.2,6.0,5.0,51.7
42,Male,Employed,8.7,6.0,1.7,1.8,3.1,5.2,0,7.5,5.5,6.1,4.3,3.8,60.8
35,Female,Student,6.7,5.5,6.9,1.9,6.3,6.7,4,4.7,6.5,6.7,5.7,1.0,72.7
51,Male,Employed,5.7,4.7,5.0,1.6,6.9,9.4,3,5.4,5.5,8.7,8.8,8.2,48.1
43,Male,Unemployed,6.5,1.9,5.0,0.2,4.9,5.8,2,2.6,8.2,6.3,6.4,3.7,23.7
38,Male,Student,5.3,7.1,1.7,1.2,6.4,6.2,1,8.1,4.5,5.8,2.4,8.8,42.5
22,Female,Student,7.0,6.2,5.1,1.0,3.7,8.7,0,7.7,3.5,6.7,,1.0,60.0
49,Female,Employed,7.7,5.7,5.6,0.1,7.6,7.6,1,4.6,6.6,10.0,8.3,6.2,52.3
29,Female,Unemployed,6.7,7.6,5.9,3.0,2.4,6.9,1,3.2,4.5,3.4,8.5,7.3,57.4
54,Male,Employed,7.2,6.4,4.9,1.8,10.0,7.5,4,8.8,6.4,7.1,8.3,7.2,76.5
35,Female,Student,4.3,,6.6,1.1,7.4,3.2,1,9.9,7.5,10.0,5.4,7.8,31.3
26,Male,Employed,6.5,7.3,6.3,2.8,6.0,1.4,2,6.6,4.0,6.1,5.8,5.0,49.1
49,Female,Student,4.1,2.5,1.8,1.3,4.5,8.7,1,7.5,4.0,5.2,6.1,5.6,43.1
18,Male,Student,6.2,5.3,6.5,5.0,5.8,8.7,1,13.6,3.3,4.7,5.0,8.5,62.7
47,Female,Employed,2.8,1.0,5.3,0.3,5.6,8.2,2,2.6,6.0,4.2,5.1,5.2,35.8
56,Female,Student,7.2,5.6,1.0,3.6,3.2,3.9,0,9.3,2.6,5.7,5.7,2.1,59.0
54,Female,Employed,7.3,9.6,1.8,3.7,7.5,6.9,0,11.0,9.8,8.3,8.1,4.4,76.2
42,Female,Student,8.5,9.5,5.8,2.0,4.5,2.7,3,6.0,3.4,9.4,4.0,3.8,58.3
49,Male,Employed,6.8,1.0,6.1,2.4,4.1,4.5,2,5.3,4.4,5.1,6.6,3.5,30.2
39,Other,Employed,5.9,6.3,5.1,0.6,4.5,7.2,3,5.4,6.7,1.2,9.6,6.1,53.8
39,Female,Employed,7.0,3.3,2.0,0.2,3.6,10.0,3,12.0,7.9,4.9,2.6,6.7,40.1
48,Female,Student,5.2,4.4,9.5,2.0,7.0,5.0,2,8.8,6.9,1.0,8.3,1.5,53.6
40,Male,Unemployed,5.8,4.2,8.8,1.1,6.0,2.2,1,0.5,7.6,9.2,7.1,2.9,29.7
29,Male,Student,6.8,5.6,6.3,3.7,7.4,2.6,1,4.8,9.7,4.5,7.4,6.5,63.9
29,Male,Unemployed,8.5,6.3,4.9,6.0,3.3,3.6,1,0.0,6.9,3.3,9.8,7.8,60.9
35,Male,Student,6.7,4.2,8.1,0.7,6.7,8.4,3,10.6,6.7,7.4,,6.5,31.5
50,Male,Employed,9.7,5.1,4.1,4.5,1.9,5.8,2,7.7,9.2,8.4,7.9,3.2,43.9
40,Female,Student,6.6,4.8,3.3,0.0,3.9,9.4,1,11.1,9.3,1.3,1.6,1.4,59.0
44,Male,Student,6.5,4.5,4.2,6.5,6.0,4.5,5,11.4,6.2,4.5,5.3,3.1,67.6
35,Male,Employed,5.3,,4.1,3.6,3.9,4.7,2,7.6,4.0,8.2,5.9,2.8,46.9
41,Female,Student,5.4,5.4,7.8,9.0,6.4,2.7,3,10.2,3.5,9.0,5.7,5.3,57.6
31,Male,Employed,5.8,8.7,3.9,1.8,7.2,8.0,0,9.2,5.3,6.0,7.6,4.3,70.7
56,Female,Employed,6.8,7.0,5.1,3.1,3.5,6.0,4,5.5,2.4,3.9,8.0,3.7,55.7
29,Male,Employed,5.9,3.5,4.9,3.6,7.0,4.2,3,12.2,5.0,2.6,7.2,1.5,80.9
51,Male,Employed,5.6,5.5,7.4,0.7,3.3,4.8,3,7.6,7.5,6.4,7.1,6.4,28.6
46,Male,Student,5.9,4.7,3.6,0.0,5.7,1.6,3,5.2,5.1,5.5,6.8,4.7,41.2
52,Female,Employed,6.9,3.0,4.6,0.1,5.4,9.0,1,8.1,5.7,5.9,9.8,2.9,51.6
57,Male,Student,3.9,7.3,6.4,4.5,7.1,4.8,2,7.2,8.0,4.9,5.4,7.0,52.7
22,Male,Employed,6.2,3.2,6.9,2.2,4.7,5.6,1,6.5,6.8,1.4,5.1,4.8,51.1
47,Male,Employed,8.2,8.6,10.1,0.5,8.0,3.3,3,10.2,4.9,3.2,7.5,4.2,66.8
46,Female,Student,4.4,2.8,6.3,0.2,6.8,4.0,1,7.5,6.9,6.3,5.6,4.8,29.2
54,Male,Student,7.5,6.5,8.2,2.7,5.1,9.6,3,8.5,4.2,6.4,6.9,7.4,60.3
53,Female,Student,6.9,9.9,5.0,4.1,5.2,6.2,0,8.0,3.1,8.2,7.2,2.3,73.5
40,Male,Employed,9.3,8.0,5.2,0.6,2.2,4.9,2,6.0,10.0,3.1,10.0,4.2,59.2
43,Male,Employed,8.2,6.2,4.9,4.0,7.1,4.5,3,6.2,2.8,5.0,8.1,4.8,66.0
56,Male,Student,6.7,3.4,7.9,1.6,9.1,8.7,0,7.5,7.5,7.8,6.9,3.0,49.6
47,Female,Student,8.8,7.0,11.2,1.2,5.8,5.6,3,9.7,2.6,7.6,1.4,3.8,39.3
36,Female,Student,8.9,4.3,3.3,1.0,6.7,7.9,3,6.5,4.0,5.0,5.2,10.0,40.4
26,Male,Employed,5.5,6.9,5.8,2.3,4.3,2.1,2,8.4,6.0,8.4,7.7,7.5,44.5
52,Female,Unemployed,7.8,6.3,6.1,1.5,9.0,4.5,0,1.2,10.0,6.0,10.0,5.4,54.0
28,Female,Student,7.5,8.1,3.5,2.0,8.8,6.3,2,10.6,5.8,4.5,1.3,4.2,68.9
36,Male,Unemployed,7.4,7.2,7.0,1.7,5.2,7.2,0,0.0,5.4,4.7,9.2,8.2,68.8
20,Female,Student,6.5,7.5,6.3,1.3,5.5,4.2,1,8.9,5.0,3.1,5.9,8.6,47.1
49,Female,Student,7.3,5.2,8.5,0.0,6.5,4.4,3,7.1,7.5,4.6,6.6,10.0,42.8
51,Male,Student,6.8,9.8,4.5,1.2,8.0,5.1,1,8.4,4.9,9.7,4.7,5.2,69.3
49,Female,Student,5.4,6.3,5.2,6.6,6.2,3.5,1,12.5,5.8,4.8,8.2,7.0,50.9
22,Female,Student,4.9,9.0,7.7,6.5,4.5,3.1,0,6.2,8.9,4.7,6.0,3.6,56.2
52,Female,Employed,6.8,9.5,4.3,1.7,1.0,9.9,3,6.8,7.2,6.2,5.5,3.9,67.6
30,Male,Employed,7.1,2.8,4.1,5.5,5.5,8.5,1,6.0,6.3,8.6,,3.1,55.4
45,Female,Student,7.1,4.4,9.3,,5.7,6.7,1,9.6,4.7,7.1,9.4,3.6,51.6
48,Female,Employed,3.8,7.4,3.2,2.9,5.5,10.0,3,6.0,6.0,2.5,4.3,4.8,63.9
30,Female,Unemployed,4.4,7.5,5.4,5.1,6.4,5.5,2,0.9,5.8,5.9,7.1,2.7,71.5
47,Female,Employed,6.2,2.0,5.3,6.1,6.0,5.9,3,9.9,7.6,9.4,8.4,5.7,42.2
57,Female,Employed,5.6,6.1,4.9,1.1,1.6,5.2,6,5.9,8.3,5.8,4.7,1.0,56.1
21,Female,Student,6.8,5.1,6.9,0.2,3.7,7.7,0,5.3,4.1,7.3,6.8,5.9,40.2
53,Male,Student,7.0,7.1,3.7,3.3,7.3,7.0,0,6.2,9.0,6.9,8.1,7.0,58.3
30,Female,Student,5.9,5.2,5.8,4.3,5.3,3.3,6,9.2,5.1,6.9,5.9,4.8,48.9
25,Male,Student,6.6,5.5,3.8,5.1,7.3,6.4,4,11.4,5.8,3.0,10.0,7.4,72.9
18,Female,Employed,7.2,5.0,8.3,3.8,5.0,6.8,4,10.6,3.9,5.9,7.9,1.7,55.1
43,Male,Student,5.3,4.3,9.0,2.6,8.5,4.6,0,3.7,2.3,5.6,8.2,1.6,63.7
38,Female,Employed,7.5,4.5,4.7,0.4,4.7,5.2,1,5.3,9.0,10.0,7.3,9.1,34.6
51,Female,Employed,7.7,5.8,7.3,0.5,6.1,9.9,2,11.5,5.0,8.1,7.6,9.5,43.9
20,Female,Unemployed,6.1,6.0,10.9,1.0,4.9,5.9,4,0.0,3.5,5.0,4.8,3.9,44.6
34,Male,Student,6.9,7.9,5.7,0.5,6.8,5.0,1,9.0,6.2,5.5,5.4,6.9,57.0
52,Female,Student,5.2,5.7,6.3,2.4,2.7,4.8,1,12.3,3.1,3.5,,4.1,53.4
47,Other,Employed,5.6,7.3,4.9,1.2,5.3,5.2,2,5.1,3.4,7.6,8.3,6.6,56.0
29,Female,Employed,6.5,8.9,3.6,1.5,4.5,7.8,1,10.9,4.8,3.7,5.8,2.1,81.6
55,Female,Unemployed,6.1,5.0,8.5,1.2,2.2,6.9,3,0.0,4.6,2.5,4.0,2.7,64.9
42,Male,Student,5.9,6.0,4.5,9.1,2.6,1.0,2,5.1,6.8,6.8,8.8,1.0,61.5
46,Male,Employed,3.7,1.5,7.6,0.1,7.7,3.7,2,8.3,4.5,5.8,3.7,2.5,41.5
43,Female,Student,7.5,,5.4,0.0,5.7,6.6,4,11.2,6.5,3.6,3.8,8.6,56.5
52,Female,Student,4.2,9.1,5.5,13.1,5.0,4.7,0,9.0,5.4,4.8,7.5,6.9,57.3
34,Female,Student,7.8,,5.9,0.5,5.9,8.7,0,10.0,4.3,7.4,7.1,6.9,61.7
28,Other,Employed,5.3,3.8,8.0,0.1,8.6,6.5,3,7.1,3.5,10.0,10.0,5.9,54.3
42,Male,Student,7.8,7.6,7.7,1.5,5.3,5.4,2,7.7,5.7,4.5,8.9,4.3,67.2
42,Male,Employed,7.9,6.9,4.5,0.9,4.5,5.0,3,8.2,5.0,6.0,6.7,6.5,54.2
30,Male,Employed,4.9,7.3,3.9,1.9,8.8,2.6,1,5.8,2.3,2.5,,5.1,76.7
39,Other,Student,5.6,7.2,7.4,1.0,7.3,4.0,0,4.1,8.7,6.7,5.4,3.2,57.6
19,Female,Student,5.0,8.1,5.6,0.2,8.9,5.0,3,8.4,4.8,5.2,4.4,3.2,76.6
47,Male,Employed,6.3,5.1,5.4,2.2,4.2,8.2,3,4.4,7.6,7.2,8.2,5.9,55.8
50,Female,Employed,3.6,4.9,6.7,1.1,7.2,7.5,2,7.0,6.2,4.8,8.7,6.5,40.4
55,Female,Student,4.6,7.5,8.7,0.9,4.1,6.2,1,11.8,10.0,3.5,9.4,7.2,51.8
54,Female,Student,5.4,8.1,5.6,9.0,4.8,6.9,1,9.9,4.9,3.9,8.2,8.7,72.6
23,Male,Student,5.6,7.6,5.4,1.3,2.7,3.9,2,8.7,3.5,10.0,7.4,5.4,42.4
40,Male,Employed,6.3,7.1,5.6,1.1,10.0,6.0,3,6.0,8.9,6.5,5.0,6.0,57.8
36,Male,Student,5.4,10.0,5.4,0.4,10.0,6.0,2,7.1,8.1,7.9,5.6,10.0,52.6
47,Female,Student,6.8,1.0,4.2,0.1,2.4,8.1,0,8.5,6.0,7.8,5.7,2.1,48.7
42,Male,Student,5.9,5.5,5.2,1.8,4.8,7.4,4,9.5,7.3,4.7,7.6,7.2,51.0
